-- MySQL dump 10.13  Distrib 5.6.24, for Win64 (x86_64)
--
-- Host: localhost    Database: rental
-- ------------------------------------------------------
-- Server version	5.6.25-log

/*!40101 SET @OLD_CHARACTER_SET_CLIENT=@@CHARACTER_SET_CLIENT */;
/*!40101 SET @OLD_CHARACTER_SET_RESULTS=@@CHARACTER_SET_RESULTS */;
/*!40101 SET @OLD_COLLATION_CONNECTION=@@COLLATION_CONNECTION */;
/*!40101 SET NAMES utf8 */;
/*!40103 SET @OLD_TIME_ZONE=@@TIME_ZONE */;
/*!40103 SET TIME_ZONE='+00:00' */;
/*!40014 SET @OLD_UNIQUE_CHECKS=@@UNIQUE_CHECKS, UNIQUE_CHECKS=0 */;
/*!40014 SET @OLD_FOREIGN_KEY_CHECKS=@@FOREIGN_KEY_CHECKS, FOREIGN_KEY_CHECKS=0 */;
/*!40101 SET @OLD_SQL_MODE=@@SQL_MODE, SQL_MODE='NO_AUTO_VALUE_ON_ZERO' */;
/*!40111 SET @OLD_SQL_NOTES=@@SQL_NOTES, SQL_NOTES=0 */;

--
-- Table structure for table `application_states`
--

DROP TABLE IF EXISTS `application_states`;
/*!40101 SET @saved_cs_client     = @@character_set_client */;
/*!40101 SET character_set_client = utf8 */;
CREATE TABLE `application_states` (
  `id` int(11) NOT NULL AUTO_INCREMENT,
  `name_en` varchar(100) NOT NULL,
  `name_uk` varchar(100) DEFAULT NULL,
  PRIMARY KEY (`id`),
  UNIQUE KEY `id_UNIQUE` (`id`)
) ENGINE=InnoDB AUTO_INCREMENT=6 DEFAULT CHARSET=utf8;
/*!40101 SET character_set_client = @saved_cs_client */;

--
-- Dumping data for table `application_states`
--

LOCK TABLES `application_states` WRITE;
/*!40000 ALTER TABLE `application_states` DISABLE KEYS */;
INSERT INTO `application_states` VALUES (1,'new','новий'),(2,'confirmed','підтверджений'),(3,'rejected','відхилений'),(4,'done','виконаний'),(5,'canceled','відмінений');
/*!40000 ALTER TABLE `application_states` ENABLE KEYS */;
UNLOCK TABLES;

--
-- Table structure for table `applications`
--

DROP TABLE IF EXISTS `applications`;
/*!40101 SET @saved_cs_client     = @@character_set_client */;
/*!40101 SET character_set_client = utf8 */;
CREATE TABLE `applications` (
  `id` int(11) NOT NULL AUTO_INCREMENT,
  `idClient` int(11) NOT NULL,
  `idCar` int(11) NOT NULL,
  `dateFrom` datetime NOT NULL,
  `dateTo` datetime NOT NULL,
  `idPlaceFrom` int(11) NOT NULL,
  `idPlaceTo` int(11) NOT NULL,
  `dateOperation` datetime NOT NULL DEFAULT CURRENT_TIMESTAMP,
  `idState` int(11) DEFAULT NULL,
  `note` varchar(250) DEFAULT NULL,
  PRIMARY KEY (`id`),
  UNIQUE KEY `id_UNIQUE` (`id`),
  KEY `idClient_idx` (`idClient`),
  KEY `idCar_idx` (`idCar`),
  KEY `idState_idx` (`idState`),
  KEY `idPlaceFrom_idx` (`idPlaceFrom`),
  KEY `idPlaceTo_idx` (`idPlaceTo`),
  CONSTRAINT `client` FOREIGN KEY (`idClient`) REFERENCES `clients` (`idUser`) ON DELETE NO ACTION ON UPDATE NO ACTION,
  CONSTRAINT `idCar` FOREIGN KEY (`idCar`) REFERENCES `cars` (`id`) ON DELETE NO ACTION ON UPDATE NO ACTION,
  CONSTRAINT `idPlaceFrom` FOREIGN KEY (`idPlaceFrom`) REFERENCES `places` (`id`) ON DELETE NO ACTION ON UPDATE NO ACTION,
  CONSTRAINT `idPlaceTo` FOREIGN KEY (`idPlaceTo`) REFERENCES `places` (`id`) ON DELETE NO ACTION ON UPDATE NO ACTION,
  CONSTRAINT `idState` FOREIGN KEY (`idState`) REFERENCES `application_states` (`id`) ON DELETE NO ACTION ON UPDATE NO ACTION
) ENGINE=InnoDB AUTO_INCREMENT=23 DEFAULT CHARSET=utf8;
/*!40101 SET character_set_client = @saved_cs_client */;

--
-- Dumping data for table `applications`
--

LOCK TABLES `applications` WRITE;
/*!40000 ALTER TABLE `applications` DISABLE KEYS */;
INSERT INTO `applications` VALUES (13,1,3,'2016-01-01 00:00:00','2016-01-05 00:00:00',1,1,'2016-01-22 00:00:00',4,'ok'),(14,1,8,'2016-01-06 00:00:00','2016-01-09 00:00:00',5,5,'2016-01-22 00:00:00',4,'ok 2'),(15,1,8,'2016-01-10 00:00:00','2016-01-12 00:00:00',5,7,'2016-01-22 00:00:00',3,'Не оплачено'),(16,1,6,'2016-01-15 00:00:00','2016-01-16 00:00:00',3,3,'2016-01-22 00:00:00',3,'sorry'),(17,7,4,'2016-01-01 00:00:00','2016-01-10 00:00:00',2,2,'2016-01-22 00:00:00',5,''),(18,7,5,'2016-01-01 00:00:00','2016-01-10 00:00:00',2,2,'2016-01-22 00:00:00',5,''),(19,4,9,'2016-01-05 00:00:00','2016-01-08 00:00:00',4,4,'2016-01-22 00:00:00',1,''),(20,4,6,'2016-01-07 00:00:00','2016-01-07 00:00:00',3,3,'2016-01-22 00:00:00',4,'ok'),(21,1,3,'2016-02-01 00:00:00','2016-02-02 00:00:00',1,1,'2016-01-22 00:00:00',1,''),(22,1,3,'2016-01-27 00:00:00','2016-01-28 00:00:00',1,1,'2016-01-24 00:00:00',4,'ok');
/*!40000 ALTER TABLE `applications` ENABLE KEYS */;
UNLOCK TABLES;

--
-- Table structure for table `car_park`
--

DROP TABLE IF EXISTS `car_park`;
/*!40101 SET @saved_cs_client     = @@character_set_client */;
/*!40101 SET character_set_client = utf8 */;
CREATE TABLE `car_park` (
  `id` int(11) NOT NULL AUTO_INCREMENT,
  `idCar` int(11) NOT NULL,
  `idPlace` int(11) NOT NULL,
  PRIMARY KEY (`id`),
  UNIQUE KEY `id_UNIQUE` (`id`),
  KEY `car_idx` (`idCar`),
  KEY `place_idx` (`idPlace`),
  CONSTRAINT `car` FOREIGN KEY (`idCar`) REFERENCES `cars` (`id`) ON DELETE NO ACTION ON UPDATE NO ACTION,
  CONSTRAINT `place` FOREIGN KEY (`idPlace`) REFERENCES `places` (`id`) ON DELETE NO ACTION ON UPDATE NO ACTION
) ENGINE=InnoDB AUTO_INCREMENT=12 DEFAULT CHARSET=utf8;
/*!40101 SET character_set_client = @saved_cs_client */;

--
-- Dumping data for table `car_park`
--

LOCK TABLES `car_park` WRITE;
/*!40000 ALTER TABLE `car_park` DISABLE KEYS */;
INSERT INTO `car_park` VALUES (5,3,1),(6,4,2),(7,5,2),(8,6,3),(9,7,3),(10,9,4),(11,8,5);
/*!40000 ALTER TABLE `car_park` ENABLE KEYS */;
UNLOCK TABLES;

--
-- Table structure for table `cars`
--

DROP TABLE IF EXISTS `cars`;
/*!40101 SET @saved_cs_client     = @@character_set_client */;
/*!40101 SET character_set_client = utf8 */;
CREATE TABLE `cars` (
  `id` int(11) NOT NULL AUTO_INCREMENT,
  `model` varchar(45) NOT NULL,
  `price` decimal(10,2) NOT NULL,
  `photo` blob,
  PRIMARY KEY (`id`),
  UNIQUE KEY `id_UNIQUE` (`id`)
) ENGINE=InnoDB AUTO_INCREMENT=10 DEFAULT CHARSET=utf8;
/*!40101 SET character_set_client = @saved_cs_client */;

--
-- Dumping data for table `cars`
--

LOCK TABLES `cars` WRITE;
/*!40000 ALTER TABLE `cars` DISABLE KEYS */;
INSERT INTO `cars` VALUES (3,'Ford Mustang',200.00,'Exif\0\0MM\0*\0\0\0\0\0\0\0\0\0\0\0\0\0\0\0\0\0\0\0\0\0\0\0\0\0\0\0\0\0\0\0\0\0\0\0\0\0\0\0\0\0\0\0\0\0\0\Z\0\0\0\0\0\0\0\0\0\0\0\0\0\0(\0\0\0\0\0\0\01\0\0\0\0\"\0\0\02\0\0\0\0\0\0\0ևi\0\0\0\0\0\0\0\0\0$\0\0\0\0\n\0\0\'\0\n\0\0\'Adobe Photoshop CC 2014 (Windows)\02016:01:11 01:55:49\0\0\0\0\0\0\0\0\00221\0\0\0\0\0\0\0\0\0\0\0\0\0\0\0\0\0\0\0\0\0\0\0\0\0\0\0\0\0\0\0\0\0\Z\0\0\0\0\0\0r\0\0\0\0\0\0z(\0\0\0\0\0\0\0\0\0\0\0\0\0\0\0\0\0\0\0u\0\0\0\0\0\0\0H\0\0\0\0\0\0H\0\0\0\0Adobe_CM\0\0Adobe\0d\0\0\0\0\0			\n\r\r\r\0\0i\0\"\0\0\0\n?\0\0\0\0\0\0\0\0\0\0	\n\0\0\0\0\0\0\0\0\0	\n\03\0!1AQa\"q2B#$Rb34rC%Scs5&DTdE£t6UeuF\'Vfv7GWgw\05\0!1AQaq\"2B#R3$brCScs4%&5DTdEU6teuFVfv\'7GWgw\0\0\0?\0TI%)$IJI$RI$I%)$IJI$RI$I%)$IOTI%)$IJI$+2isRHLH\'\']MLmq\0{RG#+-qk1KRQ\Z.޽y,:}Xy|cj|V1i7jebÉ3kK 4j۵aۡUik\r+u}?uuM}cӧG[U\0&|jpV3p\ZFgs\0D\0{f}pT\0WqM~\\o1k\0\\}PVæS&x1*~q0rvD)5pGyDS0sݍE\r\'n%c}ns1i+95tԧ,?C^Sm&_Gg\035\r.cq#%;\ZʴȮE7;?ߍ\0uszAI$?T+칭E~q ;G9 t]vfF v*&(enU^JKIKumϵ<0=e{k\\,گź5\"VHcp6P31CKv;s\0>_1>eshŭr\Ze2ܾM]?,9c\nUO}DKo\rzXhc\0,\">\\z>tO>$;k}PnnW݌}:~c.Pkߖzc=\05X0:vd^Eo\\cպ]?rYc-]FEɨ\0%;?|/\ne76u]Y9/\0S\r=\'lG/^/47oUw־;D܀I˚g_?`h\0O%~xv\0m-ae_6\rϖ5^_Sx*N\0:Nw\0,?UvS\Z\0E`_?dZ?Pwj~l\0dוg%,n>+}i}|JʽzūWAf3?˿&Or=ޗN ׷N\0\0>^Ao(\0F=#cu:Xr}\0_Z5o뗵;/!>m=6W[nN\\2g} x<;:M3+^E;w+gYӑ\0Eiu,\'9ƺHe~~Z޲Zk]AF\0̧=aه\nߍ%}+{yڈcbK2eX}d}+\\zm5H}[i}/^;~vW;p2r[hxVṅt[w~fKpslNՏ[g[ⵅ:?k=g-i%b\0MJ D_ޓ$R,Yh\"DV?cnh܏A|d;wTɆPh.vFXY[\0.s\"ŭYc9yVy]jt,c{}M[adε:G{\0]W1\'yﶦ9fMgYuؘOU\rb`7~KUޟ?GECw=3\\#n!(܏Snհjkh\0Ts+\0Ϥ2ŗzKΪ?>\0cESYd^ߢF_k}m?vKG\0P%On`G#rN۠<BUfT{.Ƴ[MLz/h~kv9kZ*]Lc1}ps\0d,͕[\0TW;]3a\0S}~f4 OLe`Mc]c[IPGЭuv󢼖$l/YCRG²K\0\0~tVspmvyeMs\0WCҾZǳCgskwPc@?w\0jEʳtnZ\Z}u==|W[k{W*\"o:VXc=2<\\FPqG1qb8Qzuƫ\\?>\Z\\?ri%ơ1wq\\hͮKCC+Xvkٻ[x8ucAR|#G45<|fQ?/./bBUX_lUE@m;3u6wcv9\0	oW\ZW&mguoQ.,а>~mڰ16,!\\l_,1#Y4k$rcG=w߅-- ǋEWUQ\0W,ufHcZ+\'bU`G\\	@Kw_hs;kV:OԦ\\am4I:XC҆8agq&\02HdQ7.Xq>u.(ep_?cX7SkSdtv,\ruN[Zy2i\"-;nٷd7\0^-.Yؾ>Or.\\4/fc/Nj8ލIs~꨷y\0EOѿwIN/\nNUx+,2K}j这z{6Zdv sjgEƶݷIg1rˋ1F qb^fMe*_;0Zv϶}kgp2:XL+u_*ksKgD\ZqO_oԌW\\Lw@\0p\\?Sa\Zvkͮ}}/*}hsOjsՇ/i?QK;SnK\0]bm2;\0b\0M\0Uڅ{]onA0oښiz{oާ,W~oQʱqv1ۑ`ߍ7lnֲ^ϡW[ױ7}oJs\'\0Σ\0=>Υ*X[_OKe2Slͣ;muLdH+/1XPm=~:M-W;,^[X[Mzv=Uf纻=[-\0zFO_5e8cQ?G֡:ڳwLs݁_`&MD|5w!B,8echdfY9V@iC%γַҳ~9dm$|5XV-_W}7ݽm\0z\\0k\r)-s+[6SεmQe]t.#qo\nz\0LӲXR=\\\0I\0~TE.k\r`6zM[X\'UۍzWYcxcm*%wQ}/E\0&.ӳ[\0Viviݑy9Ddw(N>ߠF1g\0]E5@P֒*tIǺzc`e{\0eUfI:.G#^C:iLx^yN@Pq\0)}a~Cw߄?puEW{7}nnoOyˮ-cu{,Ww藟tߩَϛphХ۟o2[K|<}1.97E,oⲷ/>w/Z\0R\Z\\/.Y̴7\"wڪzvzҽ\0O\0vt>Α1:kՆ9\0\0u\\?TI%)$IJI$RǢ쾶ZѨk?\"$G\0\0K?JP4Ȯ$Ĩ\ruH~{\\{/U} Ei%	ݱ&n~VWWujۏC1	o;S:\'C_M\Z~Co%}I$JLṥD\'I%4\0\rKJjI90UMSS46tc\Z*\robJX\04	I%?TI%)$IJI$RI$I%)$IJI$RI$I%)$IOPhotoshop 3.0\08BIM\0\0\0\0\0Z\0%G\0\0s\0\08BIM%\0\0\0\0\0?3k\"XeF>8BIM:\0\0\0\0\0\0\0\0\0\0\0\0\0\0\0\0printOutput\0\0\0\0\0\0\0PstSbool\0\0\0\0Inteenum\0\0\0\0Inte\0\0\0\0Clrm\0\0\0printSixteenBitbool\0\0\0\0printerNameTEXT\0\0\0\0\0\0\0\0printProofSetupObjc\0\0\0\0P\0r\0o\0o\0f\0 \0S\0e\0t\0u\0p\0\0\0\0\0\nproofSetup\0\0\0\0\0\0\0Bltnenum\0\0\0builtinProof\0\0\0	proofCMYK\08BIM;\0\0\0\0-\0\0\0\0\0\0\0\0\0\0\0printOutputOptions\0\0\0\0\0\0\0Cptnbool\0\0\0\0\0Clbrbool\0\0\0\0\0RgsMbool\0\0\0\0\0CrnCbool\0\0\0\0\0CntCbool\0\0\0\0\0Lblsbool\0\0\0\0\0Ngtvbool\0\0\0\0\0EmlDbool\0\0\0\0\0Intrbool\0\0\0\0\0BckgObjc\0\0\0\0\0\0\0\0\0RGBC\0\0\0\0\0\0\0Rd  doub@o\0\0\0\0\0\0\0\0\0Grn doub@o\0\0\0\0\0\0\0\0\0Bl  doub@o\0\0\0\0\0\0\0\0\0BrdTUntF#Rlt\0\0\0\0\0\0\0\0\0\0\0\0Bld UntF#Rlt\0\0\0\0\0\0\0\0\0\0\0\0RsltUntF#Pxl@R\0\0\0\0\0\0\0\0\0\nvectorDatabool\0\0\0\0PgPsenum\0\0\0\0PgPs\0\0\0\0PgPC\0\0\0\0LeftUntF#Rlt\0\0\0\0\0\0\0\0\0\0\0\0Top UntF#Rlt\0\0\0\0\0\0\0\0\0\0\0\0Scl UntF#Prc@Y\0\0\0\0\0\0\0\0\0cropWhenPrintingbool\0\0\0\0cropRectBottomlong\0\0\0\0\0\0\0cropRectLeftlong\0\0\0\0\0\0\0\rcropRectRightlong\0\0\0\0\0\0\0cropRectToplong\0\0\0\0\08BIM\0\0\0\0\0\0H\0\0\0\0\0H\0\0\0\08BIM&\0\0\0\0\0\0\0\0\0\0\0\0\0\0\0?\0\08BIM\r\0\0\0\0\0\0\0\08BIM\0\0\0\0\0\0\0\08BIM\0\0\0\0\0	\0\0\0\0\0\0\0\0\08BIM\'\0\0\0\0\0\n\0\0\0\0\0\0\0\08BIM\0\0\0\0\0H\0/ff\0\0lff\0\0\0\0\0\0\0/ff\0\0\0\0\0\0\0\0\02\0\0\0\0Z\0\0\0\0\0\0\0\0\05\0\0\0\0-\0\0\0\0\0\0\0\08BIM\0\0\0\0\0p\0\0\0\0\0\0\0\0\0\0\0\0\0\0\0\08BIM\0\0\0\0\0\0\08BIM\0\0\0\0\0\0\0\0\0\0\08BIM0\0\0\0\0\0\08BIM-\0\0\0\0\0\0\0\0\08BIM\0\0\0\0\0\0\0\0\0\0@\0\0@\0\0\0\08BIM\0\0\0\0\0\0\0\0\08BIM\Z\0\0\0\0A\0\0\0\0\0\0\0\0\0\0\0\0\0\0\0\0\0\0\0\0n\0i\0s\0s\0a\0n\0\0\0\0\0\0\0\0\0\0\0\0\0\0\0\0\0\0\0\0\0\0\0\0\0\0\0\0\0\0\0\0\0\0\0\0\0\0\0\0\0\0\0\0\0\0\0\0\0\0\0\0\0\0\0\0\0\0\0\0\0\0\0\0\0\0\0\0\0\0\0\0\0\0\0\0\0\0\0null\0\0\0\0\0\0boundsObjc\0\0\0\0\0\0\0\0\0Rct1\0\0\0\0\0\0\0Top long\0\0\0\0\0\0\0\0Leftlong\0\0\0\0\0\0\0\0Btomlong\0\0\0\0\0\0\0Rghtlong\0\0\0\0\0slicesVlLs\0\0\0Objc\0\0\0\0\0\0\0\0slice\0\0\0\0\0\0sliceIDlong\0\0\0\0\0\0\0groupIDlong\0\0\0\0\0\0\0originenum\0\0\0ESliceOrigin\0\0\0\rautoGenerated\0\0\0\0Typeenum\0\0\0\nESliceType\0\0\0\0Img \0\0\0boundsObjc\0\0\0\0\0\0\0\0\0Rct1\0\0\0\0\0\0\0Top long\0\0\0\0\0\0\0\0Leftlong\0\0\0\0\0\0\0\0Btomlong\0\0\0\0\0\0\0Rghtlong\0\0\0\0\0urlTEXT\0\0\0\0\0\0\0\0\0nullTEXT\0\0\0\0\0\0\0\0\0MsgeTEXT\0\0\0\0\0\0\0\0altTagTEXT\0\0\0\0\0\0\0\0cellTextIsHTMLbool\0\0\0cellTextTEXT\0\0\0\0\0\0\0\0	horzAlignenum\0\0\0ESliceHorzAlign\0\0\0default\0\0\0	vertAlignenum\0\0\0ESliceVertAlign\0\0\0default\0\0\0bgColorTypeenum\0\0\0ESliceBGColorType\0\0\0\0None\0\0\0	topOutsetlong\0\0\0\0\0\0\0\nleftOutsetlong\0\0\0\0\0\0\0bottomOutsetlong\0\0\0\0\0\0\0rightOutsetlong\0\0\0\0\08BIM(\0\0\0\0\0\0\0\0?\0\0\0\0\0\08BIM\0\0\0\0\0\08BIM\0\0\0\0\0\0\0\08BIM\0\0\0\0\0\0\0\0\0\0\0\0\0i\0\0\0\0\0\0u\0\0\0Adobe_CM\0\0Adobe\0d\0\0\0\0\0			\n\r\r\r\0\0i\0\"\0\0\0\n?\0\0\0\0\0\0\0\0\0\0	\n\0\0\0\0\0\0\0\0\0	\n\03\0!1AQa\"q2B#$Rb34rC%Scs5&DTdE£t6UeuF\'Vfv7GWgw\05\0!1AQaq\"2B#R3$brCScs4%&5DTdEU6teuFVfv\'7GWgw\0\0\0?\0TI%)$IJI$RI$I%)$IJI$RI$I%)$IOTI%)$IJI$+2isRHLH\'\']MLmq\0{RG#+-qk1KRQ\Z.޽y,:}Xy|cj|V1i7jebÉ3kK 4j۵aۡUik\r+u}?uuM}cӧG[U\0&|jpV3p\ZFgs\0D\0{f}pT\0WqM~\\o1k\0\\}PVæS&x1*~q0rvD)5pGyDS0sݍE\r\'n%c}ns1i+95tԧ,?C^Sm&_Gg\035\r.cq#%;\ZʴȮE7;?ߍ\0uszAI$?T+칭E~q ;G9 t]vfF v*&(enU^JKIKumϵ<0=e{k\\,گź5\"VHcp6P31CKv;s\0>_1>eshŭr\Ze2ܾM]?,9c\nUO}DKo\rzXhc\0,\">\\z>tO>$;k}PnnW݌}:~c.Pkߖzc=\05X0:vd^Eo\\cպ]?rYc-]FEɨ\0%;?|/\ne76u]Y9/\0S\r=\'lG/^/47oUw־;D܀I˚g_?`h\0O%~xv\0m-ae_6\rϖ5^_Sx*N\0:Nw\0,?UvS\Z\0E`_?dZ?Pwj~l\0dוg%,n>+}i}|JʽzūWAf3?˿&Or=ޗN ׷N\0\0>^Ao(\0F=#cu:Xr}\0_Z5o뗵;/!>m=6W[nN\\2g} x<;:M3+^E;w+gYӑ\0Eiu,\'9ƺHe~~Z޲Zk]AF\0̧=aه\nߍ%}+{yڈcbK2eX}d}+\\zm5H}[i}/^;~vW;p2r[hxVṅt[w~fKpslNՏ[g[ⵅ:?k=g-i%b\0MJ D_ޓ$R,Yh\"DV?cnh܏A|d;wTɆPh.vFXY[\0.s\"ŭYc9yVy]jt,c{}M[adε:G{\0]W1\'yﶦ9fMgYuؘOU\rb`7~KUޟ?GECw=3\\#n!(܏Snհjkh\0Ts+\0Ϥ2ŗzKΪ?>\0cESYd^ߢF_k}m?vKG\0P%On`G#rN۠<BUfT{.Ƴ[MLz/h~kv9kZ*]Lc1}ps\0d,͕[\0TW;]3a\0S}~f4 OLe`Mc]c[IPGЭuv󢼖$l/YCRG²K\0\0~tVspmvyeMs\0WCҾZǳCgskwPc@?w\0jEʳtnZ\Z}u==|W[k{W*\"o:VXc=2<\\FPqG1qb8Qzuƫ\\?>\Z\\?ri%ơ1wq\\hͮKCC+Xvkٻ[x8ucAR|#G45<|fQ?/./bBUX_lUE@m;3u6wcv9\0	oW\ZW&mguoQ.,а>~mڰ16,!\\l_,1#Y4k$rcG=w߅-- ǋEWUQ\0W,ufHcZ+\'bU`G\\	@Kw_hs;kV:OԦ\\am4I:XC҆8agq&\02HdQ7.Xq>u.(ep_?cX7SkSdtv,\ruN[Zy2i\"-;nٷd7\0^-.Yؾ>Or.\\4/fc/Nj8ލIs~꨷y\0EOѿwIN/\nNUx+,2K}j这z{6Zdv sjgEƶݷIg1rˋ1F qb^fMe*_;0Zv϶}kgp2:XL+u_*ksKgD\ZqO_oԌW\\Lw@\0p\\?Sa\Zvkͮ}}/*}hsOjsՇ/i?QK;SnK\0]bm2;\0b\0M\0Uڅ{]onA0oښiz{oާ,W~oQʱqv1ۑ`ߍ7lnֲ^ϡW[ױ7}oJs\'\0Σ\0=>Υ*X[_OKe2Slͣ;muLdH+/1XPm=~:M-W;,^[X[Mzv=Uf纻=[-\0zFO_5e8cQ?G֡:ڳwLs݁_`&MD|5w!B,8echdfY9V@iC%γַҳ~9dm$|5XV-_W}7ݽm\0z\\0k\r)-s+[6SεmQe]t.#qo\nz\0LӲXR=\\\0I\0~TE.k\r`6zM[X\'UۍzWYcxcm*%wQ}/E\0&.ӳ[\0Viviݑy9Ddw(N>ߠF1g\0]E5@P֒*tIǺzc`e{\0eUfI:.G#^C:iLx^yN@Pq\0)}a~Cw߄?puEW{7}nnoOyˮ-cu{,Ww藟tߩَϛphХ۟o2[K|<}1.97E,oⲷ/>w/Z\0R\Z\\/.Y̴7\"wڪzvzҽ\0O\0vt>Α1:kՆ9\0\0u\\?TI%)$IJI$RǢ쾶ZѨk?\"$G\0\0K?JP4Ȯ$Ĩ\ruH~{\\{/U} Ei%	ݱ&n~VWWujۏC1	o;S:\'C_M\Z~Co%}I$JLṥD\'I%4\0\rKJjI90UMSS46tc\Z*\robJX\04	I%?TI%)$IJI$RI$I%)$IJI$RI$I%)$IO\08BIM!\0\0\0\0\0]\0\0\0\0\0\0\0A\0d\0o\0b\0e\0 \0P\0h\0o\0t\0o\0s\0h\0o\0p\0\0\0\0A\0d\0o\0b\0e\0 \0P\0h\0o\0t\0o\0s\0h\0o\0p\0 \0C\0C\0 \02\00\01\04\0\0\0\08BIM\0\0\0\0\0\0\0\0\0\0^http://ns.adobe.com/xap/1.0/\0<?xpacket begin=\"﻿\" id=\"W5M0MpCehiHzreSzNTczkc9d\"?> <x:xmpmeta xmlns:x=\"adobe:ns:meta/\" x:xmptk=\"Adobe XMP Core 5.5-c021 79.155772, 2014/01/13-19:44:00        \"> <rdf:RDF xmlns:rdf=\"http://www.w3.org/1999/02/22-rdf-syntax-ns#\"> <rdf:Description rdf:about=\"\" xmlns:xmpMM=\"http://ns.adobe.com/xap/1.0/mm/\" xmlns:stEvt=\"http://ns.adobe.com/xap/1.0/sType/ResourceEvent#\" xmlns:dc=\"http://purl.org/dc/elements/1.1/\" xmlns:photoshop=\"http://ns.adobe.com/photoshop/1.0/\" xmlns:xmp=\"http://ns.adobe.com/xap/1.0/\" xmpMM:DocumentID=\"adobe:docid:photoshop:a3d418ae-b7f5-11e5-9c71-f2ea50208459\" xmpMM:InstanceID=\"xmp.iid:f3388036-03b2-aa4f-accc-a208acf4fdbf\" xmpMM:OriginalDocumentID=\"F1C8DF936E23926E555B6CF4CA6770CD\" dc:format=\"image/jpeg\" photoshop:ColorMode=\"3\" xmp:CreateDate=\"2016-01-11T01:50+02:00\" xmp:ModifyDate=\"2016-01-11T01:55:49+02:00\" xmp:MetadataDate=\"2016-01-11T01:55:49+02:00\"> <xmpMM:History> <rdf:Seq> <rdf:li stEvt:action=\"saved\" stEvt:instanceID=\"xmp.iid:9581f4a7-e4c2-9049-883c-a3e79e85335c\" stEvt:when=\"2016-01-11T01:52:07+02:00\" stEvt:softwareAgent=\"Adobe Photoshop CC 2014 (Windows)\" stEvt:changed=\"/\"/> <rdf:li stEvt:action=\"saved\" stEvt:instanceID=\"xmp.iid:f3388036-03b2-aa4f-accc-a208acf4fdbf\" stEvt:when=\"2016-01-11T01:55:49+02:00\" stEvt:softwareAgent=\"Adobe Photoshop CC 2014 (Windows)\" stEvt:changed=\"/\"/> </rdf:Seq> </xmpMM:History> <photoshop:DocumentAncestors> <rdf:Bag> <rdf:li>5EE3EF0C41697BF07E6C2821BB379DC6</rdf:li> <rdf:li>C1DD39FBB457C0FDB98FC240EF869A41</rdf:li> </rdf:Bag> </photoshop:DocumentAncestors> </rdf:Description> </rdf:RDF> </x:xmpmeta>                                                                                                                                                                                                                                                                                                                                                                                                                                                                                                                                                                                                                                                                                                                                                                                                                                                                                                                                                                                                                                                                                                                                                                                                                                                                                                                                                                                                                                                                                                                                                                                                                                                                                                                                                                                                                                                                                                                                                                                                                                                                                                                                 <?xpacket end=\"w\"?>\0Adobe\0d\0\0\0\0\0\0		\n\n\n\n\r\r\0\0\0\0\0#\0\0\0\0\0\0\0\0\0\0\0\0	\n\0\0\0\0\0\0\0\0\0	\n\0s\0!1AQa\"q2B#R3b$r%C4Scs5D\'6Tdt&	\nEFVU(\Zeufv7GWgw8HXhx)9IYiy*:JZjz\0m\0!1AQa\"q2#BRbr3$4CS%cs5DT	\n&6E\Z\'dtU7()󄔤euFVfvGWgw8HXhx9IYiy*:JZjz\0\0\0?\0N*UثWb]v*UثWb]v*UثWb]v*UثWb]v*UثN*UثWb]v*UثWb]v*UثWb]v*UثWb]v*UثN*UثWb]v*UثWb]v*UثWb]v*UثWb]v*UثN*UثWb]v*UثWb]v*UثWb]v*UثWb]v*UثN*UثWb]v*UثWbRHubv4ҍئq;|)	gz4@>`Fd0o1~tgHML6C\ZS!Uc,B[~}yrJz:`I@bvXWȒԾOk\'dࢵ>YPluK+?e#?\"!\0zpNHӃ0[#t*/aTKV0v*UثWb]N*UثWb]v*Uت孴fKV$QRXlSHejv-~:)-BF@(To8UIд/9ɰY۲f8@W/]C<4bhHy>\0[&#HcP)ATG\0pjM>EmVͤY?lKѹXum.&7\\	QyvH~>\ZQΧȡ$~d!26aqg4c=ޥ\n5B\r^23\nuol Sxce\0+&.n-|jZݥ֡l%RgXcN>\\E;?7kV9F]+5hg\09Ph\06L)5&*7&(h_v*UثN*UثWbrQԌU}2\r\'$ckP\Zޑli=(r&`um$FG6?C$?j8܃ҙ0y7G!zBQy(%7\rDmNL\0>wlDH;q=@ R\08e?=O]\06^^ς\\Z[/\"7& bCqR˫N~KI31s/\rn<X~lk\0^\\#Z}ފ,[ο^X]\\IŨ-Nġ倄<]\0.]\ZC~(`N ?<\0(E=o.))\0T9#nAoqOIǉS\'g(?7>ۜk*{/7y<פK쇹\0#xmYocwgv6vj>A?#1`~p,fXFz\rnK-&׍0$B\Z>SL}x3ꓲ,`\0\'Ce{eD Cm\ZPwfLߴ{b^iլk})@e>~;0T??8}q%\0e`qi]65i\0ݞ|IYn3\06SO,(olYPJe\"1\'EWb]N*Ut`f4\0@Լxm%`U5Xz~\0,n1\0!xf}g>?ZSj%Q8NG(VU#\\\"Wupѵ*vQSd${P9\Z!K۳j׾Gsm\09!̷~x\0|aOq91Aɩϓ\"UKXL2[½\0eMxFkF,®GN첾2y9F<?\0h5GdyLi\0(-5)VֿphwafIQ?\0(GgJs*R}J_Ȝ:I<?c\0HYO:Ur/p_qV<Iuon}c\Z\n\0K?wI52MlW`L	m~8@\0?=KB/A/F`\'/b?r|?/aXq-#cSO\'j	e\0`=	?}R1//JU[.ǚ2^LBǮ(SivOnOX	eĆ<!	X,mh+-C#4h0%럒z_ul|˭\Zk\nąS\"p>F+j%ͯ斤l-mP8a%CRp;w\'_v_<ꯧȤDWV`zU^Gvl20ň̲6Ww\'j	Oq\0[MdqOb^k~]y(omfG1I;2Hlfc+Zb`+sl瑸^@~ї9\nbx	\03\':ªpAŬټPUثWMG*%j)6y=<gqέZT@Ypp2ǚ\'\'R\0/Qɕ\n2r+D*f_̄?%nπ)?c	etӒ95ͤsXPPmL/~O7o2FY\rN墽hݿ38?Ҹ\0\ZO̯\ro,ZjukMF7c\0|~\\k֧0ԘC!?>VPΩm\r4Mv8F?.ʹl{L\0Rb2bu\\pK9hQВ9z\06l>M<[^:cytޜ)D6G89Ljoa9yk+jEge	K\0M\0nzk퇆Q.\\8\0?,P l׬ƣGF\'Y\0?y0Ҳ\0_y#KDKw\0ǳa \0䶶OߋȜo\06u+?2GGe#Gu=5^TZse<&<sd#Dдv/j(Y%ɧ0GOO%n#:QZd?q1-͖ChIu;9=Z]\"3_AqqAǚ_aPܣx-zn#?|C$2M\\\01e^T\'N&ZYNkt]F?rG--GG(9Gx*5suD.EA^M_~]@]vn1\r淗Ҽ©3fkm%\0U.|eWNBG٧(F28%2!{9x\\µr?\0\'/rX7O0|4,.vcy=e@T/Fyx\"}?1b:GUGMS{m7/LO\'JrO-9cyq}MJ,Ɲtܙ*1?]\0mMqq\0^	^ԥZRQTF\r8 :v*\0BI#yg<),vl+\03.Qn+tlEߞ_7D@5oAs$%%(&%,!UȁnI\'뚏YFC,Qe73qݙr5b}?0ZlN.\'Va3>mouuP\ZQJ{3|0P}~qZiV歏)?ߛQ0{[͇=B\"qXc5rmDav*W	_\\GkX|]j?R~D ho|\\zXWP]\"3qǉ_eȘI:\0z~,kASK֬cbC\'\0\'\"_/-_R{YrKv?Ɏ̲Yr8H;\064d\rVr#\'wȒJu-JQ6y5ͺ\\\0be~\\Kc V^~Dɺ8dcr+N:`ϼySCo9yżLWE\03/\0+12<Iz1l\'?y_lfvՊ=(q\\զlt:g2R\'#3L?p*o en\\pW4@0ZЎ\r!.`-\n|E\"qi4ɏьgz/ф&`c\"8~E MxK lu-fB-dnHF~,&$ #6wsCIlG4˝P\0c\\$9+ܙ$.βFF^\',Ȥr[GcurR\ZC!-^5g-0&@5ouJ\\s\'?7u[QVxۉ.Hd\"4ae\'qC=9!/Et0fKU_N*;L%S(S@	j*͓[d1?>t^EK*D-tnxEv|2ز1dJ2|[}2^?h0c8#gQ~\"<Aq{epO\'U`U<ue#/Ҽ(NÌfw\\\nU<Gʵ\njž{oߙ,uIeֱZ\ZQ,?y/aT\0.\0*4M=A湡!6ਜHOW\0& o0܏a%h?gSn㷎qVrcN25+fgy<6񴲰*,N\rӈ\0+H$rW\0泙-5f{0!5Dҝ\0Y.n߳RXSAM5#$7!տWفTwz/ ?P*i&va7J\0ry!AZ8NSk];Kibo;(8Z|f_Ra\0n18cr8|w2~k/;{bUU(B$J׵xC??d>QV򆲺u+!*k(pb{[U\'?\0ͩ5ŃH-ܖrK$NӍgFx9\ZM^,\'_zbz5y\"M3=Wsc\"@\\A,zr!C6\0䪮2Brq\0\0M<\Z$\'֐(un\0a\Z4CN<XǩC.PXУ!WLc=lnW?̨ըF)e91!k,s)&bpWX5\'OMp2{O@e֡~P~k%[/8Z<q\0AO.]&hmo5>?5O2\Z),@?Ze \0cÐtf3%R_JsX~aK$333\"n~,@&;rdXjj츫<~ݓ1if}_uOM֣?\0d==	6a\',O]*8D̫*\ZfTMÇ!	IN*>OS[[Xإ̱K7+I<D*{\\z0ŋ[qʸyXZgugmD#0XE\"ʒBZKYŀ$Ac&xіK7<7ZL7\\\\jQgc̢^9<k]W܀+KƯ]uliGYS <	ꌾL?U\0\'b_ITeo-VO?mf\'\0~eA_jzeMGZ??>\\7Փa	K.Ue,<i2eL_\01ﮍֵc\\*l%d|hDy_$M;Tg<$˩yq9_J	#LK+%\rn@~%	_%.#RJD\0ɂ\0*iJ\08蟔>.ti(U09[\rTNoU:/:W_P]cf܁ 5#1N_cYf~\\gMQDBlǒ05<q\\m毒mcT5]V[Wmf.<ͯN+\"!=T[F(b,\0M\0B??/.jjzr1?_lZ~dXD>llرm\\8?bl:Eޒ]3Vў97Xrj#r[c49_ǥ,wgA)8\\\\H2)Gr0ʼh\0r$xWWֿ\\\Z,-\'%0MO\'Ǖ䀘X2	_(sU,*c4[2sO9Q}OJ69$2TkZöC4IYJG{<a)_\rkga8\0<+׷SxȢ_q?=FN:\'O=#sc%-2᪓.CAgVkhHfO-\Z\'_uG/U\Z*C9[.n^O5?Hѧ^DLlHiZG8g*ե,;,8 N-$	us4_R9UgW*8&hiK}bJ7T~>N^+)M\rN*rRl\06$Ӯ=>#̤Uڟgr>y%XI銷6tM]洸[>&!,.8ۣd\"d\0&ak-VKSxĨ+7&cx$ڐrFx Z~fy/[0T&@b)1Þ:m=G#edG,!?Y7V\'?jLul<q\0s&ֿ6z#RES+24Gp$\0K),\0m>\r{31z\'c\0F?D:?ӯ#r\\;){\0#ϓ&^70\\z$<ڥGoʝ@Z;t=̚bWK-_	|c-Aɻ\ZWE\0L#7|O\0J\0⑑\\HJO+{GO\0O\0ڏ5{o-Y^_++^1ܪv`TY>)_1;0O^IXW\")cҧ\'N</RV;XY(-.Wƙ X%&YRA%0vuPMj\0pr$Ƽ4Եˇ&OVJ\ZO\'͞0Oz91z#yYuۻe8#Xf8x^]Cr#H\"E=Z6f#azm6rYsQ>s-,|?RoWt_*s]׭[ĝpzvZo!$YT2Q>FMYpɬu%أq>`h^\\ѳ:p4?#g<kb~W*?rxzkbtfvn\n)\037ykwSϒ<!rbNghK1=?Y&X?N*W=\r>l+Mgˋ-n5h,2BY)OQ|yQru\0I6K0l;NZY5.<\"Pr~ds?&\0/0ӿGP^$BhlC-vbc\0vnt-N q/X$()3eF榈X?qEH$rFAvu&vRr\'rqsXyyAQ%@a\'+ze\0p~V-@DGAM$ՙ]r?cH`,ȝ\'l}=a:pgip$i$o91;d<}a/kZu`9YO~4jVe1=I~S\'s=H\03/5I>S2؇G+g_͌ykqq._:fOJ{WRߐ~d5j~q!܏MG\"lgD{њ{W\nX)l@mlbo\0	lbeXuZ8&>	\ZMgLuN$2 KEԒ4&1+哀>/yz<GU\0wrQ@5גE\0Ysֆ	d&fp	Vc\r,Q[ہofcվtz$ZmB+f=9^mسz}ُnr`a퍱7O楍\0by? 1DYۉ}8K\ru8doR\0rO}[Ey0Y洒;^Gݐt߇b<\\\'wڞzu:` /4yMNV\0z|ȯ<\0|ϵ5.ROAA\"nԞ2?0\0~S//7ו6dw1k4_FOH/ӕ6ӊ\r͞S#\0VU+7P\n\"M\'%A~I8OB_̓/ʻ-~G.\'vȎ\"G\"[/Ô\\_H%1xǏ6\0z\0-?*2`[f/i:sk$Ʃ䮍\0c\0cN&I0!	\0\0V\0$D#Ѽ#El1X)*Bg\"5_Ư͛LVvښeJ\'0:i1=C#L\0ygQRnҨIvՔ^[nЋ_(aĎha\"N*xHb(j{=1Vq^]Ktm!CFp)L*l	nCSVu}[/vHaK~+;W SI&gG	6=-R$Y$ \r6Kghpc@EUlt<>2@¼ۉ4[uf]:y~dk:ퟔ4E,b.\nZ5\"SF⼾c\\7ni}\\Gj|})b\"p6tIbvEn-Ź*9/j+q\n\00u^٬^0^ߛ\ZOVJ=%znd>j*0?\0{\\^_iu8c(O\"KܟLޔo@0ȸH\nnԳ{On|ư$P(58!%NG3]@s84\0)<w[~\"sגF1eÞS$pԭZoqiqˌ &Q2/:uk\0Hܲ4:c?Z-[J\0\n/$dLh\0o)woΐ*p=rshHǇ_[_Nuߩ\\^K`UZY>sR~=#\'Llќ~KI*=[K!nג n,3n̔6O6!oWeQH~~SO_.CY<щbx*䤫\nt82d<עŭiod`\r+p\"$MNwBЊ Go7Q䩭on\ZݱEhcж	cnũɏ锢DմMϺޒmXH?C,9	\0Z??8kMg^dQ2/)\0q˿eV.1$cy:7PB&<\ra?8\0Z1K\rcSkwI\0HF\ZŞۿxG^IB]~YL5KX	_tb#}61u-if>r\0I\02\0/!n;Y0f:r\\5;&\'.OMNr&#q\nqA)Z,=Ff|?dQǔ)ٺdRBZ{7n\r,nz}S\0s,彯kM_n/&Gl=i>&B@W섢|9Gc$I1\0t\08R>y\0<VGh\rOـdaO2qFQڜ9E{\08١\\[q5,vr1YIe;Iq:\0S-7QsX9==%M,U|\\[ˏ_\n].\Z$~YM-f7ڞi\'֮➚K{u*;;lxr,?Pjl.-\"ibWeP::2#kceHFhF٧Ҹ^OeSXc_8i\0lj|mL\0|-DZR$\\G\n>fUk1EΡeT͝I@%U<X	1_J4Uy`az)A\n7-H#\\Sow4֑W\\#RMiW@{syNOk9\0%OHa.:ȼ}txi7D\0`ӗ\Z})\nyjQdƛƗm-?cv|I\nضW=Cc_:4X޻҈SN\0 P} [i֖w0\'jԎ|\0. lnSR\Z[s)9Bu,GOl!_S҆\'KZA\r\0\rkEqV$B*C\r2ڵ+\\6KuSO*3>mRCp2H68?-mo3o$\0icj\'(,s/qj7VF\'YC\'|mRk\0u_i/?O9T/Cy<1=M~!9f9J??V|86nar~G~FV:ƕ}c+MNdMr3\02 &959\'H^\08ɢ]\rWSڪ(f\"HY\0Y+-u\0:4Ko&ic\nt!g!Lcm$Ǭz1\0r<\0B;57N=-\0z١\0Ǉl|\r/$,]C7)#8|5Y\Z\rKC{{2^XjKȱ3UZi	&J9Vۑ3SВt%ώg-m/.T<ąQ$ɷIJRX@zDT+BiFy,HڜauyfX/>iS[/]YŅnD(VB}8ҽ->idm^,[X\0^0\'/ىpddK=((DR&?00#H]$~e|yOVUZj@ONKf9d(4T,6ޚBcbQ6:ki;R0DYaqWϞt\0%lzЀ<O,2OOĴ&yϾaA!9zq4\nxC,٧FS<R?_o$ҙwTni${![?#$[G5U<:QFoܹ匍lv*\0M1Wb]v*UثWb]_XX=wVl̊~jU&_#h/9/l[_]ƃN\r\0wj\0G!\0>6/T3h+s.b[2tC`w50v\ně^vh{(\08i^c3C,7zl҉Z8s?\ZHcX\0h<1B& ??!yzGV/Y6\0ı|g,sDG\0BD׿=9ڕ\"(~d֟2%Gx:$OU\0v*WjVukw?Q\0=_CB]0 Q~iPj1Vi9+/S6/yYYR1hV`/N8mYU6ђ5d[ZVPEӖpA$1(HQTl\0W_N*UثWb]v*UثWb]v*Ulq\ZB-I\nUQ0\"X+Y<TQE9o_k*-U& ʨB:VĀUqWb]v*UثWb]N*UثWb]v*UثWb]v*UثWb]v*UثWb]v*UثN*UثWb]v*UثWb]v*UثWb]v*UثWb]v*UثN*UثWb]v*UثWb]v*UثWb]v*UثWb]v*UثN*UثWb]v*UثWb]v*UثWb]v*UثWb]v*Uث'),(4,'Audi A6',120.00,'Exif\0\0MM\0*\0\0\0\0\0\0\0\0\0\0\0\0\0\0\0\0\0\0\0\0\0\0\0\0\0\0\0\0\0\0\0\0\0\0\0\0\0\0\0\0\0\0\0\0\0\0\Z\0\0\0\0\0\0\0\0\0\0\0\0\0\0(\0\0\0\0\0\0\01\0\0\0\0\"\0\0\02\0\0\0\0\0\0\0ևi\0\0\0\0\0\0\0\0\0$\0\0\0\0\n\0\0\'\0\n\0\0\'Adobe Photoshop CC 2014 (Windows)\02016:01:11 01:53:38\0\0\0\0\0\0\0\0\00221\0\0\0\0\0\0\0\0\0\0\0\0\0\0\0\0\0\0\0\0\0\0\0\0\0\0\0\0\0\0\0\0\0\Z\0\0\0\0\0\0r\0\0\0\0\0\0z(\0\0\0\0\0\0\0\0\0\0\0\0\0\0\0\0\0\0\0>\0\0\0\0\0\0\0H\0\0\0\0\0\0H\0\0\0\0Adobe_CM\0\0Adobe\0d\0\0\0\0\0			\n\r\r\r\0\0i\0\"\0\0\0\n?\0\0\0\0\0\0\0\0\0\0	\n\0\0\0\0\0\0\0\0\0	\n\03\0!1AQa\"q2B#$Rb34rC%Scs5&DTdE£t6UeuF\'Vfv7GWgw\05\0!1AQaq\"2B#R3$brCScs4%&5DTdEU6teuFVfv\'7GWgw\0\0\0?\0\0uNS=tjYw0ٗm/X*Hs8}Zu4N~<<!ίժ5=5z\r{XƹMn1sCC4 s]jD@bS\Z%:\0?\\77#ju8niV{\08\0ΒR{[K;\\{Z?,6U[2\\UUevSfKS9^aOWpmVRlX6zl{>Enm66lc`;^j\"ޗ?adm5\\,m-w^]zgE6[hίnˮ4Sޕ[{ںctm]\0ڼeۇ^Uc	?IjO/%97_-cد&J\n{ZYiemhq\rݿ֗8։$\0Ov:n?%\0\0\'NvX\0LYMR7MZ,lvm>suKUNȲQcmtYel-ck-^/[s=̱;ḟYsq%;$IL2>gdftǜ=Gi!t0:v_ح˜e$Vw~ջKeYCeAȆC\Zc:\0\nq#B8\0]:>eWuS:H:ݾXͿm׷E_W7Yp\'k\0Ա\0׷\"3.k]M5u9ww]Uw\n7`3[:i~_VM~=snfK.<\n+$l鳷ղMQ/\ZH\"ʚ7nXW裨#\nSUT6ƶXo+}c-;`mhNnhpvU\0Qky.DP\r>>Ϭcc2úc]j}r{l8X÷~\"SW[ۿVScSa>^5Gu7\0.\"GiwTMkwlOKv9t7\0<fa׿c/$^%Ƣiy(.]OoZxA7//(3E/Y\rv(U:G%xiI@P,Zo3Bwk=}>meǺaAw;aK\':YNEX\"emsWW\"ߨ}>	\\lkM\0}j5WWFEˠ\Z7 UAhYJd<K}A6\0&|X,ً;c{UN%g8>\rhMi=I]`z5U+>b7ӥ!΂mh]v]m\'䶪}B^d}wYY|\0W2/vE*\\=={\Z+d|(-\n^ُGfش4K7nT6,\"U~Ѭh\'ZVk7u;F16A/\0+tܖZs6Zgm`ikl}3Mmԩ1+UX\'Ե:\"G\n2eZ[?H1-օ	oCsj\0չ7Fe 6縮_}ftgv3%i$[v +#\r-l=UfUnasO-2KwYWo\0އO}\Z.Y?yGsZW\"c\'Ui4<e}Balk_r4a/=s\Z\"kms=\"V{(f]C*$ qnH7.L-s.i?{гm\'`56\"4iezWZj8lǽ\0\\c2\0WE:fzߵ_l~c6M!ԘϧOkWzMU}C ^d+=ߘ\nXִU\Z SC凹wށ\\F@$l\'RP2{A,z3 \'ZzEuT2ɏPFW[P5ڂ<J@\"AcIҤ~\\Ѯ%_7O[]suK\\<:[E`#61cF-+47\0RM}WQAm$zgk]/7Ed0ݕ~ƹ\'Z)z\0Q+\rt*mQoTw`t7v}U\rTߣ\rm`Y֮ߪ6mO֑s۽s)C^ힷ~~~\"\0SbJ!:}8ۘ\0`\0Ow~N1{\Z\0@\0Ԯ+rS+s{;uM\0:@_C{\rۿu[?E<U[JKM[0zok\0cfXx߰.\0ޟk5{]\0\0˺c[v3sȫ)hmv-iG\0A?ROY]\'̪:h>M6yXWݵ?R6)\Z>dKˮeۺ2lu@k\Z^L\Zܽ>lk.{/-\0\nԦs=*iUe\"\0ЮT=?w6}幸_5ݶغ,oiԜ35&}c6weo7 ,? zͥZ0G\rmSC[G]>WMìՉE8K*cXZcl0GN8fNB|\ZӅ}\0)N6{j\ZßKn{oS}1s]g}hյMM\0t7\0k*]c2oƛ#A;6~__Zz;ziJV9hm?\0O6bM`b<YcCk\nGڬ\Zh?)YObZ)ӡ\\nMqkOΡ1(;#f6ۚ1uvlk*䱲fU+4!#m=:[c.VvV1=\'\\|>9{+s&Ƶz{jk\\Gr~et^PUטΣ@hޛ~]~.\0MnWsuWk5)kEN̵Z8RMF\0=]cZ\0N/ZGb[v2r2v㹮)۟ܧdk\\szrc㢱T˄ymT>[Scց֮vGzEAk5r?^ssTV1]_ڲI$^7.5>u\0?>SV\\^f}\'\0N(?:NEnye~\0.C?SEy\01su7^oc1fa͛\0[kCg־GQ\0Ygϱ7}w?ݖӓ_鳺\ryYwO!/m\rXo*mm3!{>sg֢NN1=\Zqȣ};+lGZƱ/S[hvKmkcH̊?S*̼lJ^7S{.\rVz]/`S!컈!&Nߣ}6Q8uzY8̣3ӯ\"ŌgW~y_\\PՓֲnE57ӇIgOgcgՖqmUu7.<lW/x]3:+uv-as\\\Zv~ ,{S{&ھ:[[[+cX-\\kg>\'Stn\0BTƹlYmh,#*n+11nw\Zġ2q䲋jѷgM+;~6;Ю\"uNzݑǨ^[swov47oPJ\'P3\'8ٕ犘u#iZs}*!u+fcQVRy\0K͕\Zr}?Asf6`}7*Yx]Sۋ]ki]]LvV8t9}:ךg=eu=_e_იE9X&ֵՇ~w̶rEFV6Vk6w5PsEInJrK[_I^ŵۮ6r*oE)=\'d\n}]2/6.?r\0Z>̜@;\\?\ZfFu&kƑWrd}IOuu8Z,\nZ[K5YX\rn\'G_psroNU`}Z߳\0:??\0ֹ^ǩa\\۽VV\0ob2:~6}8M=af.auO>GTiSauֺUd\Z\Z?ws?]zZp\"MA565_n=\'@}vRe5esu4f\0«S%_Wz#ud.}`c^\rl{\0 ^ޟUu\'cneT73n5\0^#ei~^3z~+xdTK.̋MUȳ5\0W{nNY}2пkXٶVwtޙӬ\0I;_f}j*v>Ϯ_YzLVmԿot.Ƿ}g>wqX^u~Ҷ5k}f3=W;o.O7gL#Xy\0mQ\0EeC|IIOH7\r7u@X1[[\"*Z:UzX`0q1jf޿zew*8 3\0vDL	C\Zu#_c<Sey_Q씪U_B_?Yzۙ^6{{\ZOB=ChqW9ŞT>K\0Q2s\0v\0u,\'ʨX\0\\oRu;4YoXGs9Q\"f?k#^ޝc?\'96.}o5\0\r]tНO:HxC\0V->N!KKG\\]\nYov&Cu[c,lsO}_k*R,gzY9\r>ƻ*2NSSZ{Y@pJh7y7]NBJj\r `VIHM\naNI&!Photoshop 3.0\08BIM\0\0\0\0\0Z\0%G\0\0s\0\08BIM%\0\0\0\0\0?3k\"XeF>8BIM:\0\0\0\0\0\0\0\0\0\0\0\0\0\0\0\0printOutput\0\0\0\0\0\0\0PstSbool\0\0\0\0Inteenum\0\0\0\0Inte\0\0\0\0Clrm\0\0\0printSixteenBitbool\0\0\0\0printerNameTEXT\0\0\0\0\0\0\0\0printProofSetupObjc\0\0\0\0P\0r\0o\0o\0f\0 \0S\0e\0t\0u\0p\0\0\0\0\0\nproofSetup\0\0\0\0\0\0\0Bltnenum\0\0\0builtinProof\0\0\0	proofCMYK\08BIM;\0\0\0\0-\0\0\0\0\0\0\0\0\0\0\0printOutputOptions\0\0\0\0\0\0\0Cptnbool\0\0\0\0\0Clbrbool\0\0\0\0\0RgsMbool\0\0\0\0\0CrnCbool\0\0\0\0\0CntCbool\0\0\0\0\0Lblsbool\0\0\0\0\0Ngtvbool\0\0\0\0\0EmlDbool\0\0\0\0\0Intrbool\0\0\0\0\0BckgObjc\0\0\0\0\0\0\0\0\0RGBC\0\0\0\0\0\0\0Rd  doub@o\0\0\0\0\0\0\0\0\0Grn doub@o\0\0\0\0\0\0\0\0\0Bl  doub@o\0\0\0\0\0\0\0\0\0BrdTUntF#Rlt\0\0\0\0\0\0\0\0\0\0\0\0Bld UntF#Rlt\0\0\0\0\0\0\0\0\0\0\0\0RsltUntF#Pxl@R\0\0\0\0\0\0\0\0\0\nvectorDatabool\0\0\0\0PgPsenum\0\0\0\0PgPs\0\0\0\0PgPC\0\0\0\0LeftUntF#Rlt\0\0\0\0\0\0\0\0\0\0\0\0Top UntF#Rlt\0\0\0\0\0\0\0\0\0\0\0\0Scl UntF#Prc@Y\0\0\0\0\0\0\0\0\0cropWhenPrintingbool\0\0\0\0cropRectBottomlong\0\0\0\0\0\0\0cropRectLeftlong\0\0\0\0\0\0\0\rcropRectRightlong\0\0\0\0\0\0\0cropRectToplong\0\0\0\0\08BIM\0\0\0\0\0\0H\0\0\0\0\0H\0\0\0\08BIM&\0\0\0\0\0\0\0\0\0\0\0\0\0\0\0?\0\08BIM\r\0\0\0\0\0\0\0\08BIM\0\0\0\0\0\0\0\08BIM\0\0\0\0\0	\0\0\0\0\0\0\0\0\08BIM\'\0\0\0\0\0\n\0\0\0\0\0\0\0\08BIM\0\0\0\0\0H\0/ff\0\0lff\0\0\0\0\0\0\0/ff\0\0\0\0\0\0\0\0\02\0\0\0\0Z\0\0\0\0\0\0\0\0\05\0\0\0\0-\0\0\0\0\0\0\0\08BIM\0\0\0\0\0p\0\0\0\0\0\0\0\0\0\0\0\0\0\0\0\08BIM\0\0\0\0\0\0\08BIM\0\0\0\0\0\0\0\0\08BIM0\0\0\0\0\08BIM-\0\0\0\0\0\0\0\0\08BIM\0\0\0\0\0\0\0\0\0\0@\0\0@\0\0\0\08BIM\0\0\0\0\0\0\0\0\08BIM\Z\0\0\0\0A\0\0\0\0\0\0\0\0\0\0\0\0\0\0\0\0\0\0\0\0n\0i\0s\0s\0a\0n\0\0\0\0\0\0\0\0\0\0\0\0\0\0\0\0\0\0\0\0\0\0\0\0\0\0\0\0\0\0\0\0\0\0\0\0\0\0\0\0\0\0\0\0\0\0\0\0\0\0\0\0\0\0\0\0\0\0\0\0\0\0\0\0\0\0\0\0\0\0\0\0\0\0\0\0\0\0\0null\0\0\0\0\0\0boundsObjc\0\0\0\0\0\0\0\0\0Rct1\0\0\0\0\0\0\0Top long\0\0\0\0\0\0\0\0Leftlong\0\0\0\0\0\0\0\0Btomlong\0\0\0\0\0\0\0Rghtlong\0\0\0\0\0slicesVlLs\0\0\0Objc\0\0\0\0\0\0\0\0slice\0\0\0\0\0\0sliceIDlong\0\0\0\0\0\0\0groupIDlong\0\0\0\0\0\0\0originenum\0\0\0ESliceOrigin\0\0\0\rautoGenerated\0\0\0\0Typeenum\0\0\0\nESliceType\0\0\0\0Img \0\0\0boundsObjc\0\0\0\0\0\0\0\0\0Rct1\0\0\0\0\0\0\0Top long\0\0\0\0\0\0\0\0Leftlong\0\0\0\0\0\0\0\0Btomlong\0\0\0\0\0\0\0Rghtlong\0\0\0\0\0urlTEXT\0\0\0\0\0\0\0\0\0nullTEXT\0\0\0\0\0\0\0\0\0MsgeTEXT\0\0\0\0\0\0\0\0altTagTEXT\0\0\0\0\0\0\0\0cellTextIsHTMLbool\0\0\0cellTextTEXT\0\0\0\0\0\0\0\0	horzAlignenum\0\0\0ESliceHorzAlign\0\0\0default\0\0\0	vertAlignenum\0\0\0ESliceVertAlign\0\0\0default\0\0\0bgColorTypeenum\0\0\0ESliceBGColorType\0\0\0\0None\0\0\0	topOutsetlong\0\0\0\0\0\0\0\nleftOutsetlong\0\0\0\0\0\0\0bottomOutsetlong\0\0\0\0\0\0\0rightOutsetlong\0\0\0\0\08BIM(\0\0\0\0\0\0\0\0?\0\0\0\0\0\08BIM\0\0\0\0\0\08BIM\0\0\0\0\0\0\0\08BIM\0\0\0\0Z\0\0\0\0\0\0\0\0\0i\0\0\0\0\0\0>\0\0\0Adobe_CM\0\0Adobe\0d\0\0\0\0\0			\n\r\r\r\0\0i\0\"\0\0\0\n?\0\0\0\0\0\0\0\0\0\0	\n\0\0\0\0\0\0\0\0\0	\n\03\0!1AQa\"q2B#$Rb34rC%Scs5&DTdE£t6UeuF\'Vfv7GWgw\05\0!1AQaq\"2B#R3$brCScs4%&5DTdEU6teuFVfv\'7GWgw\0\0\0?\0\0uNS=tjYw0ٗm/X*Hs8}Zu4N~<<!ίժ5=5z\r{XƹMn1sCC4 s]jD@bS\Z%:\0?\\77#ju8niV{\08\0ΒR{[K;\\{Z?,6U[2\\UUevSfKS9^aOWpmVRlX6zl{>Enm66lc`;^j\"ޗ?adm5\\,m-w^]zgE6[hίnˮ4Sޕ[{ںctm]\0ڼeۇ^Uc	?IjO/%97_-cد&J\n{ZYiemhq\rݿ֗8։$\0Ov:n?%\0\0\'NvX\0LYMR7MZ,lvm>suKUNȲQcmtYel-ck-^/[s=̱;ḟYsq%;$IL2>gdftǜ=Gi!t0:v_ح˜e$Vw~ջKeYCeAȆC\Zc:\0\nq#B8\0]:>eWuS:H:ݾXͿm׷E_W7Yp\'k\0Ա\0׷\"3.k]M5u9ww]Uw\n7`3[:i~_VM~=snfK.<\n+$l鳷ղMQ/\ZH\"ʚ7nXW裨#\nSUT6ƶXo+}c-;`mhNnhpvU\0Qky.DP\r>>Ϭcc2úc]j}r{l8X÷~\"SW[ۿVScSa>^5Gu7\0.\"GiwTMkwlOKv9t7\0<fa׿c/$^%Ƣiy(.]OoZxA7//(3E/Y\rv(U:G%xiI@P,Zo3Bwk=}>meǺaAw;aK\':YNEX\"emsWW\"ߨ}>	\\lkM\0}j5WWFEˠ\Z7 UAhYJd<K}A6\0&|X,ً;c{UN%g8>\rhMi=I]`z5U+>b7ӥ!΂mh]v]m\'䶪}B^d}wYY|\0W2/vE*\\=={\Z+d|(-\n^ُGfش4K7nT6,\"U~Ѭh\'ZVk7u;F16A/\0+tܖZs6Zgm`ikl}3Mmԩ1+UX\'Ե:\"G\n2eZ[?H1-օ	oCsj\0չ7Fe 6縮_}ftgv3%i$[v +#\r-l=UfUnasO-2KwYWo\0އO}\Z.Y?yGsZW\"c\'Ui4<e}Balk_r4a/=s\Z\"kms=\"V{(f]C*$ qnH7.L-s.i?{гm\'`56\"4iezWZj8lǽ\0\\c2\0WE:fzߵ_l~c6M!ԘϧOkWzMU}C ^d+=ߘ\nXִU\Z SC凹wށ\\F@$l\'RP2{A,z3 \'ZzEuT2ɏPFW[P5ڂ<J@\"AcIҤ~\\Ѯ%_7O[]suK\\<:[E`#61cF-+47\0RM}WQAm$zgk]/7Ed0ݕ~ƹ\'Z)z\0Q+\rt*mQoTw`t7v}U\rTߣ\rm`Y֮ߪ6mO֑s۽s)C^ힷ~~~\"\0SbJ!:}8ۘ\0`\0Ow~N1{\Z\0@\0Ԯ+rS+s{;uM\0:@_C{\rۿu[?E<U[JKM[0zok\0cfXx߰.\0ޟk5{]\0\0˺c[v3sȫ)hmv-iG\0A?ROY]\'̪:h>M6yXWݵ?R6)\Z>dKˮeۺ2lu@k\Z^L\Zܽ>lk.{/-\0\nԦs=*iUe\"\0ЮT=?w6}幸_5ݶغ,oiԜ35&}c6weo7 ,? zͥZ0G\rmSC[G]>WMìՉE8K*cXZcl0GN8fNB|\ZӅ}\0)N6{j\ZßKn{oS}1s]g}hյMM\0t7\0k*]c2oƛ#A;6~__Zz;ziJV9hm?\0O6bM`b<YcCk\nGڬ\Zh?)YObZ)ӡ\\nMqkOΡ1(;#f6ۚ1uvlk*䱲fU+4!#m=:[c.VvV1=\'\\|>9{+s&Ƶz{jk\\Gr~et^PUטΣ@hޛ~]~.\0MnWsuWk5)kEN̵Z8RMF\0=]cZ\0N/ZGb[v2r2v㹮)۟ܧdk\\szrc㢱T˄ymT>[Scց֮vGzEAk5r?^ssTV1]_ڲI$^7.5>u\0?>SV\\^f}\'\0N(?:NEnye~\0.C?SEy\01su7^oc1fa͛\0[kCg־GQ\0Ygϱ7}w?ݖӓ_鳺\ryYwO!/m\rXo*mm3!{>sg֢NN1=\Zqȣ};+lGZƱ/S[hvKmkcH̊?S*̼lJ^7S{.\rVz]/`S!컈!&Nߣ}6Q8uzY8̣3ӯ\"ŌgW~y_\\PՓֲnE57ӇIgOgcgՖqmUu7.<lW/x]3:+uv-as\\\Zv~ ,{S{&ھ:[[[+cX-\\kg>\'Stn\0BTƹlYmh,#*n+11nw\Zġ2q䲋jѷgM+;~6;Ю\"uNzݑǨ^[swov47oPJ\'P3\'8ٕ犘u#iZs}*!u+fcQVRy\0K͕\Zr}?Asf6`}7*Yx]Sۋ]ki]]LvV8t9}:ךg=eu=_e_იE9X&ֵՇ~w̶rEFV6Vk6w5PsEInJrK[_I^ŵۮ6r*oE)=\'d\n}]2/6.?r\0Z>̜@;\\?\ZfFu&kƑWrd}IOuu8Z,\nZ[K5YX\rn\'G_psroNU`}Z߳\0:??\0ֹ^ǩa\\۽VV\0ob2:~6}8M=af.auO>GTiSauֺUd\Z\Z?ws?]zZp\"MA565_n=\'@}vRe5esu4f\0«S%_Wz#ud.}`c^\rl{\0 ^ޟUu\'cneT73n5\0^#ei~^3z~+xdTK.̋MUȳ5\0W{nNY}2пkXٶVwtޙӬ\0I;_f}j*v>Ϯ_YzLVmԿot.Ƿ}g>wqX^u~Ҷ5k}f3=W;o.O7gL#Xy\0mQ\0EeC|IIOH7\r7u@X1[[\"*Z:UzX`0q1jf޿zew*8 3\0vDL	C\Zu#_c<Sey_Q씪U_B_?Yzۙ^6{{\ZOB=ChqW9ŞT>K\0Q2s\0v\0u,\'ʨX\0\\oRu;4YoXGs9Q\"f?k#^ޝc?\'96.}o5\0\r]tНO:HxC\0V->N!KKG\\]\nYov&Cu[c,lsO}_k*R,gzY9\r>ƻ*2NSSZ{Y@pJh7y7]NBJj\r `VIHM\naNI&8BIM!\0\0\0\0\0]\0\0\0\0\0\0\0A\0d\0o\0b\0e\0 \0P\0h\0o\0t\0o\0s\0h\0o\0p\0\0\0\0A\0d\0o\0b\0e\0 \0P\0h\0o\0t\0o\0s\0h\0o\0p\0 \0C\0C\0 \02\00\01\04\0\0\0\08BIM\0\0\0\0\0\0\0\0\0\0,http://ns.adobe.com/xap/1.0/\0<?xpacket begin=\"﻿\" id=\"W5M0MpCehiHzreSzNTczkc9d\"?> <x:xmpmeta xmlns:x=\"adobe:ns:meta/\" x:xmptk=\"Adobe XMP Core 5.5-c021 79.155772, 2014/01/13-19:44:00        \"> <rdf:RDF xmlns:rdf=\"http://www.w3.org/1999/02/22-rdf-syntax-ns#\"> <rdf:Description rdf:about=\"\" xmlns:xmpMM=\"http://ns.adobe.com/xap/1.0/mm/\" xmlns:stEvt=\"http://ns.adobe.com/xap/1.0/sType/ResourceEvent#\" xmlns:dc=\"http://purl.org/dc/elements/1.1/\" xmlns:photoshop=\"http://ns.adobe.com/photoshop/1.0/\" xmlns:xmp=\"http://ns.adobe.com/xap/1.0/\" xmpMM:DocumentID=\"adobe:docid:photoshop:503aded4-b7f5-11e5-9c71-f2ea50208459\" xmpMM:InstanceID=\"xmp.iid:163d7b9a-d892-f04b-8ca1-4bc7484964f7\" xmpMM:OriginalDocumentID=\"F1C8DF936E23926E555B6CF4CA6770CD\" dc:format=\"image/jpeg\" photoshop:ColorMode=\"3\" xmp:CreateDate=\"2016-01-11T01:50+02:00\" xmp:ModifyDate=\"2016-01-11T01:53:38+02:00\" xmp:MetadataDate=\"2016-01-11T01:53:38+02:00\"> <xmpMM:History> <rdf:Seq> <rdf:li stEvt:action=\"saved\" stEvt:instanceID=\"xmp.iid:9581f4a7-e4c2-9049-883c-a3e79e85335c\" stEvt:when=\"2016-01-11T01:52:07+02:00\" stEvt:softwareAgent=\"Adobe Photoshop CC 2014 (Windows)\" stEvt:changed=\"/\"/> <rdf:li stEvt:action=\"saved\" stEvt:instanceID=\"xmp.iid:163d7b9a-d892-f04b-8ca1-4bc7484964f7\" stEvt:when=\"2016-01-11T01:53:38+02:00\" stEvt:softwareAgent=\"Adobe Photoshop CC 2014 (Windows)\" stEvt:changed=\"/\"/> </rdf:Seq> </xmpMM:History> <photoshop:DocumentAncestors> <rdf:Bag> <rdf:li>C1DD39FBB457C0FDB98FC240EF869A41</rdf:li> </rdf:Bag> </photoshop:DocumentAncestors> </rdf:Description> </rdf:RDF> </x:xmpmeta>                                                                                                                                                                                                                                                                                                                                                                                                                                                                                                                                                                                                                                                                                                                                                                                                                                                                                                                                                                                                                                                                                                                                                                                                                                                                                                                                                                                                                                                                                                                                                                                                                                                                                                                                                                                                                                                                                                                                                                                                                                                                                                                                 <?xpacket end=\"w\"?>\0Adobe\0d\0\0\0\0\0\0		\n\n\n\n\r\r\0\0\0\0\0#\0\0\0\0\0\0\0\0\0\0\0\0	\n\0\0\0\0\0\0\0\0\0	\n\0s\0!1AQa\"q2B#R3b$r%C4Scs5D\'6Tdt&	\nEFVU(\Zeufv7GWgw8HXhx)9IYiy*:JZjz\0m\0!1AQa\"q2#BRbr3$4CS%cs5DT	\n&6E\Z\'dtU7()󄔤euFVfvGWgw8HXhx9IYiy*:JZjz\0\0\0?\0&S\\\n)8Up$+.P([\0b\nP1UJ@n_69W|mp8P0ZiJսj?15>NnCq0ý9>MPJa%abW&+`HM\0RtpSyzVރO2yF{Q3 HB>\'vJ\nXRSbXg~_|XRmq5Χ\\Rp_>mnwXD>)3{!~XyZy4c-WYhK3em!OBmثxUUp |{m4>6]˶6\\6qU01M7O+LFDL@@:*\\vR^U7}\0;`T[x^[8i#jvEkLsXKmE	eu<i@6\'\"ʛ!.\"_[֚4\00;<sQ<qke݉cd)m8cϷY[^\r2!%(Nh7+H˗)EuOD:ֹjs{D 43nzl,u\0@j\",\0L7߂<h,>|w{v(&uOZN\nҭ S\0<-.RӥƒG)q!Zey1y3Q?$hA`r[ܞ3AkNxU%.US*bJ$`S\r\06j3pnۄ\\Xx%e\Z>d\Zr847L0	z\rez~$``vSŰGߍ02ry;@Ԥ&ya%g\0#)g+dq<[O1ꖪbIAL39L~QI|=`կ#+ԙ{\\IꞺo-<i\'\ZևXv0\\1&2iר0\07\Z[\Z8QK+	{Og\\h?kn!:|;eu1]fwI$Xp8_dJU.f\0EinL\058%n[jiM2?n+kC$OO,Y^M\0gɶ/uʋb.8TFL&2E8:演㚝h0S+d>TԦb1ʻ`u\"a9Q\'KBWHqJ!,\0_Z\0%mVhK19,S7LsDp+w	K*\\)-~X/i.|Ǡ.\rbZTU $ԑ\0G+,˸!R9N4t(|kmn\'[?\0?	O俚=3Ϛ]2m-$`ա 9/=4_^qPw[s)u{\0(_~䣓*:W\'YՐ-=֡4O#z!ݙIykz\rBvC\\\"E_e2n\091qiee\rk\Z;h+>2fԧp1UH)0&9 [\0>ISz|Ȓ[6])vF͆)3}@V)JU	5ڇ\"Hz}N!TWUBqDK?%<y~R\Zvis\"\'RE-z=eOe9	 \'L 겊\\	L!Ͷ$*J_E#6c\'_uMfܘ9	\rلMUupF]DuK݂&Y5\\-}כq<vex|oz8Zy=\'Lsl.伉f\Zk.wh\"\r>~u]{W7ǦUQAZm\\95ݔ\0H\ZldS#Hbui)5u;-RyS\ZԑTtNV@ʿiXtb3ʿ:Z7w\Zլg.r_%w\"96#rQ[Ǣ@4@G3S(| 1y5oM*oR/D#4Q# $jiGIP?^e8h{Ll	d>)RB;:r{AQI~x# UCF¨C%.*ӿ *}QɋEnu%7uWc0jyʺ vW(dRj$_5$Fco!F.٩_m\\j)$83D[Wzy\rfEY5(TxU=˷z>bâ45`d&DA\07Xi%c!#IPE=\rcBؼ\Z_@9UzeYYb=d5O<r\0\ZW)+j3i&}YCв!\"h~HeyͧVZ$Ӗ)BWqY<˛ӦԬ (8^EWj*\r\09\'wg%\"9R6;9QSn.F. (	2.KKI+Ws	!uh\rwIC OcJg%~D\\$I*Wm/~bK\r7Pah	.:cԂ䉅vڇ~9cZ2;gT3TRV<6YHu:IyȋC:o2H	{je<kD~T\0GQ%EL\nU75\n(C<YO.sQĖVO4XWpS By7M%X&?Ur&V.\r_[ԇrr|4GL^̷Ly@ã܃݀B7떗RMe(\0B]Ȱ ֌w]![WPVOBqhހΟ~lm\"spش}aFc!too<JK{{c,I&y\Z韐Zp*_IԵ\0sϕPA%)V}&G^?{,;ʺoUG1r2PO|Y0\0I6 b1-ɤCcjv/_J\'uؾ#\Z՜R% ?셀x\\ϓ$Y\'h=FwǇIlfWNac;pϮ4Qa|\ZN\r.mFKRUEj|QM[/%`Zە\0-ntwOzjIlI :2?+S즞!_uZ1Y\0^evLR1w=qA\0$P\0:Lm7ڌDkOb.\Z[Iµ\\N62z?l5I_enzV6%?IjYA?Q%of<+ċjQ:}܎&#Jjt^6\0p`^Vh;*߂,c}Qixj\005~^Iߘn]V8\"frȚ`C\0v\rAJC\08O[SqDOבOO\0O#0>HGOM\0 -3YI=;KqQ\ne˾Zb	i6\"U\\i Q?aPds0POjmWg\Z	:,\rv)-;#Mq|\09H!hd[pʙ;֞	?΅swsۅey]*G61lZȿג3΃LI@ \"l[cCob\0/Lsێ6:oی~\0	cm@>\0R1G˺ф}?p?KH>Gǅ6wjy	ʫ^2\n4p\nre4_X4NH1hȠg08DOrm|@&8- eQ~cb\\ ^yo.m?$4Enڬn}p/A]N{PZKRNP\0BD8Rvok\"F]/%Z[Tlm+Z8@myVR\0}JHy$\r΀v世>8F>9LvYEڔȲ^L	UYv+m=╢jiQ1\\-:W+\05mF/QYz6 ȼW[\n_O\ZޏG/׮Gi)P?9n*\'<~i@t\n>gq*k16QkQ-O.k6֎o?ۊ8d\"K\"3e\"NoBPzog#[?\\oQGܔ?DIu0rsND\0o=A\n\ZJW},1e`uV0.\09e}i.e -_`BrYGgesn䩕8k_\0QV9fPE;K!d?8UO~o\'MĸF$eB%\0\01u\0pf?{o,$txZBm\'Uu#o\"C(վidz蚛4LOɐgIvf_Վ=	UqܸabbYk\0z\'m\Z|8Tl,:O]VF2Z$q~*\'%1\'j}v\rK)-׭	!ļ^c%\"+Ā8;\0H[x=C\0~\0(6~Yn)b^%|+W \n`:SI4!PGo\0}\'F*2c!9yY7\nKؾԛr!$tCjbrOmijJv{\0lLJ/\r6:c	\n	ۇ\02cY/ p۵GG\ZGw\0*T֠\ZDҐۻ=c+|PW$ǒA;?hXlo[uaz2˿E\0Yr$c^n.gֵJ[)E+4ʜR_UpwBVB򬰋8eciT9:~&TBYTtgkXK;&3zj9jJ|D|p*\\K7~$yuFuKO?`6i!$q<N6}z7;\ZQ6խчGeSr&-lFm\';\\H>H&}\ni($F?_ř进ObZVq\\C\n;N6XYrb8idDvQ,\0FC\Z߂6 *,m5<1Zon|E1V\n⪨ژ(׬T*g˶,$Bߗً.&%ё}Zzm<\r}-0^<kF_ቚ#\r7QK;9RJ&5s-Wt$nZԻM\"#\0\0i2%(Wզ7]zyE]kc\rS8dȦ[7s&)*\\l4<xЪƜ5#VvPܮzx\0#nkw2ISRƿp )Q@Ae\"U;Uӵ}8y\'̌Ϧ4[Tn:S[?yD~֥u0]ݛV_@or[u癢2Zʥ$`iB\rA9-2 Ik%\ZK\rQN?<\n8X(i^CjTm\\h\"ʭuo;&\0Q\n\nlM>1E+\\yTԧ7M!	 /EAR/=RADF`U6H?2<y7e=ԟ\"~S,~Jפ7n-\"w%.%z$\06B!\0,]jq~k!SFWjV`W.,)vB6{$n4S!K\06W/\0i)\rԃٸ6q ^J[a^ W[XԻ\nh}w[JPF(22\0A\Z+hi|\0\0K_\Zh3b=6\Z\0\ZE\'_GpQM5̟(:TL+yˬ~	im\0Z\0{oJumkk{~q*/kPdV\'RRBHƵvv\"^MCP\0B|仦}k\'5dN6@\0@SμmW\')I3Ykpe^^J\n(QF@5=<CX	)Ff;x)ʖ0	nG\'c\"\\3ܖ2Ye4=e]V5?>P+*PW AďYl\r7]\"DZbB{58MWon.\0_Lm$fWV U cR~)oh,nMR1TbdT|P]STdӬHrq2u\0`E6&5\r\0 Ieh=#C\0NeIݭ#\')IbA? ?)4pFe5s_X*.y\'L>Q\0֓Ӷ  *bO%*c3UL:6*o~;4ˏӓ>V76w\rb}U	rV:j{nki]Bx	Hxz<OVnϧjo5q	AH:\0-o-oL-\'5п\"S5A+1 {+?.<M\'5xEGZ8&0xdVH,\ZpQDUZ|ҼVd-f5a5=y+LX\r1PʖܒũK%Ē+#EU>rX)(-%5C\0\Z(\r7Lv4M&`\\!W\0gҮ6{\r>9c[ui&MJ#t8_9hHf[Ya\n1IRyHm $?sZ\Z3,)1O>^WӦ򾟤x:#ItƎvLl1\rZfgvщm7Wv$?\Z(u~Zi^q-\n,u_OUEQ\n#))]x|Xj\r;􉵍^PAa@AoUEKCAr븒O\\4vocYD!!Q\Z\0-10?cJjVƧE\0qwO\0\"ԤUU=A+RpEt?1JjI5|6!鍭*bF\\UԮOlmSM*6q7>+Ѥ߁zW`mkBrHFG\"_`!X\0F~R?l<ExBЬ\0+AE__忩SJ~\0V\0,ԂIp\\UQjvZtjZK@oC9՚dwV6w3U$,M2@Ќn\0\0\0FOFԯo.5ۋxkP*mdu~]WV`\rdv6mA@:^g%IDv w`v (OU%/WQ{Ccl6rG=p氻l?SM4\0_銨!\Z3_j~65kusIa\r0*?^P6/칯T凗%+%UQЫvcMKT1T~cePWCHZ?\Z6@Kϲ\\\"ǉi	?t]?%\0aZJ[2[#vԻl_h~C7\\#n\"b	$\"R)\'OL !QcA4^-Z4O⼞1\0}ԯ\r]kiUe`V\0P=_`y޿\09%-=ouV)htԙZV\0cj$\098[#w[yoMn>\\DIoH[Y+n<ۍR;0jWz9VyK1?خ){j>򾙩ίhgRJQZ/$\0|Bm\\K?5<TT#Mj-_V~oڿՂKm>ozuŻRHNFgC򙴏Puu̶тqZ^&+NJ]~h36/&tqڽVUQJUï:2Sw<t\nbsȑQiU;lG v?G*\0Z;fortf?2I?gN_ӛ|ɪabt\"b\ZbU1%E~TT,H0GIabp1V7{}T7)##UooQbT/[[4u6V<\rpʱƥ``Wꟙ\0iQj}ԞiIoZ\0FXެx}mR=3OBZ5\\/tƊ2Yf;#}\\<KINZ7Y,<w~	p_8wF8\0:İ\\k-9@>ݡ\r¬QG%[m.$1HⱂUxK3ֵ=\\;i\Z|̶nyP$Sr3/>Vլ^NH\r树̱8Iĕn&{5+MdVgv?;s/Db\ZV-w7\"}fRVU5mՑ׃Uy\\Z\\,oqY72Gi\'\rrcPKOaV8V0:>3,;\ǹ ;8ҽKQ5khH綞UiM\nU Z팀J?+oF\nֈdo)wYk+[g8FJ\0iqW:=|1km(`QCp$_NGckOOtfCHb7r]YTrd_E}yNד<bw?}~(]V޼2cUU\"%)8 jٱBj#=EEQF#*a_5FuP?^_ubPۜ<c47\'&ɚ\0_/ϢHZjjvHcIL_Ο+\\5K5KV#nQw7u\0\'\ZC_%cڲZ/zwG&E__hڽ-lTvUix.43}m|S]$מ.߸|<[^O˟)jH~o*zcOo!m;ګOd{%Ϝi\Zלqr\"W3ʲ;9zKϒ)P7n#y]ɩ܄]jr\\M \0-b*Q*\0Bo\rynMK$U9/L˿.>ZQp]S,! (#D%~qC?,n,<ofӬ$2v\0)mFLs4o7dWi$\n\0LeN@ֵ{M4nWG\"\r\"^EbH<=E&-}51G}kqwpx$awy\"[^[Yf{Co|-XZWyQݣI|?yו|i廯>DfYlo5eB#Ua\nÆjww%\n(D{F`q\'\nS]S׋0kNV$Gp[5\\J/{0)_b\\B^bu(f4O\nUbx2\0+rWRky33T]cҵ]iў#LK֯tCs2WJV^i(z2\Za!$Ϛ \'Բ0*H}u8ԘwU՘~*ZaW\0H\"	x/&F&]:[$xhO%zG(\r\\ԫ?iQUm?Bq\0+^iwisk8ַA^&\"yy\">Q[[XfVыIcp~;o/^^_:?$6cE`\r^j8IOE5\'IB\' \Z4FlqiLjFJW@)\rLodH(-X\ZDh\n\'1\0N)\'MzP<niݱt2z,UoKoƓgpHqn.9,=64V	m&Ӡ+HIqJ<ʾ2rs\'_8)M5F\0 |;v%P\0&l2%FwjƭyNk˷Kq#O)`K\0(?-}Htm=T^J\r0\'0U?4<-hWQT%\ZΨ`5[¼qVMp+T]*\0І<ƹ4!vEGC/[C.{a\Z+uB@FzzmΟgE,\0V:兴XOOV Ṏ3.GvZa>z5[?0hVV=H%f7k_5[yF4cF$2!!bhJ?:[Q.tt2\"\'	ٯCN\ZJ:$K%\0=^7vw44$r濕./4$1*HW\'9U]4˛\0\ZJƇ\\ߖ\Z<Z ?0_bų}b~;\n\0D\nx4*caY]\r%lr3Е_IG_?pkZRg%\"VF_q򭮁?)q3OY\ZuN@d>?̼\"U>B=aw\rj>۳3Su\0	}qHuq5!rbY`-[VuI\n\0I\r?.b/f^*܉޿>a:Łe]GSu>BV\0Z;J{,\0\0O.4\r/Q5\r)9xZpPR\Z\nkD/jdKbƃ1Pt+kƊJ_~ٍKW]Ҁ]HOM㆑h\r)ZZ=r\ra#4U㍅H_0@)pFjKPvՓ\0\'%oomWbē$\'pW<4\rr\rNX{2[j\'\0\'4_dI]fK=JXw\"?IU㟙ZG$eKvBd +SUbM}7@\"uIeZtwʿ\'lmi1b)OmS1\0@ZF	HYʿ6IeonjI}8U5!ma<2`Ja\nzw7>\0N~xck3AF[0LbLMi/aAUd)y[6kр&%!ċ3?\"Pk	u\0.u>\ZLmiRZ47[mD/2HC\n0~f>^š]3Q&:PsQF~Epu3p{YA4ܺr_Q8O4Z\\KJc@\'#=\\[(G|a\09pd_/&ir4&;fnCG\'/%?)y=[{y ӃJy7|R\'#\Z捥G}B僵R\'N\02\0l4v?^y ELq-<s(î[[q\'}w9YIOIUvU<y7\"o1qEMߘ.[Z;4U8\0Y\\\07fcSP\'>x8O(|\r~5FQc_VF\0/#eȥ<1TرqTaB-GÊv*\0/{lisk,u#0y1#0Pte4;T-IIkc+6$$WdW1\0#KMFK\\Lۓ31f\'rIj,\'qLU]l\\u[6`ShH킒{b+On#aB\"-cX]>lOEGv3_\\1e_6wiܲ^EMkk=feK0r!XQIw͋6Y.ҵ&#\nwaq	bA։z<y+dguk%;a0=騾`ZO4IN<Sl*~q\"[_XXVyVK\08\'ݎ-QOo]Kp	z\0>e͍/qFJS\'kUH`\08åƍk&DPZ((Y@<jiRMrԿ-bb3(vh)\r\0Iy(\Z&#镜j5OΟ̽H2ˮO7TnH&KԵL2ngg?{Pث`UKvcb)L(V]LU_ӄ[~fkNbET@/OB$j\rH2e@\r;Qfd\0\0@xK-ISkvn;p\0r?$\'ȤZ!+_:gK67}]~iwՌlW|s\"\ZcKH,[햰h	*١qU&1U6φ*RkT͇lUIYWEH>_!?7Z,oX{^^`xKhoZPC}o^lяgOϒBL&n<\rĥ6\0~ǚZW[+\'NbC/+Gt`Xt`h\nM+}fqUV|1Vn{bm!튪ت&;:u&;`)*7\ZTJ-(VLUq]**\0h[QƧlU/7@)[O7yʟWԧ\n?e_K\\dsr)՟-1AvR*if$3qo]S{ZU,r`\0#Mj~侫~I?GÖ(\0*q?TW<[y1xjm.mFSaڸ0CQKHo|K*]GEIG!9\rn)rTKnmۍͼ$FOdFq<I(I\r8ƷT^ثVJt	6\0B*^yWdյA5).dTmp>U܌UPi*ibOiqUUQV[4WdU1U!xSk~ثqVWƹ v**\'\nqUUt>1ۅkde]S4?Y;rJmY-\\.V?C\0{|;\0oIf7q9z+?9/Z~Lo=sU[\0P;?oIffth֘\0*CoG\0lb^~Kb_U_Oƿ.J)S&x+czU_G\\}?lP%zU!]b{b⫇MUw|UثW\\U'),(5,'Toyota RAV4',180.00,'Exif\0\0MM\0*\0\0\0\0\0\0\0\0\0\0\0\0\0\0\0\0\0\0\0\0\0\0\0\0\0\0\0\0\0\0\0\0\0\0\0\0\0\0\0\0\0\0\0\0\0\0\Z\0\0\0\0\0\0\0\0\0\0\0\0\0\0(\0\0\0\0\0\0\01\0\0\0\0\"\0\0\02\0\0\0\0\0\0\0ևi\0\0\0\0\0\0\0\0\0$\0\0\0\0\n\0\0\'\0\n\0\0\'Adobe Photoshop CC 2014 (Windows)\02016:01:11 01:58:42\0\0\0\0\0\0\0\0\00221\0\0\0\0\0\0\0\0\0\0\0\0\0\0\0\0\0\0\0\0\0\0\0\0\0\0\0\0\0\0\0\0\0\Z\0\0\0\0\0\0r\0\0\0\0\0\0z(\0\0\0\0\0\0\0\0\0\0\0\0\0\0\0\0\0\0\0\0\0\0\0\0\0\0H\0\0\0\0\0\0H\0\0\0\0Adobe_CM\0\0Adobe\0d\0\0\0\0\0			\n\r\r\r\0\0i\0\"\0\0\0\n?\0\0\0\0\0\0\0\0\0\0	\n\0\0\0\0\0\0\0\0\0	\n\03\0!1AQa\"q2B#$Rb34rC%Scs5&DTdE£t6UeuF\'Vfv7GWgw\05\0!1AQaq\"2B#R3$brCScs4%&5DTdEU6teuFVfv\'7GWgw\0\0\0?\0<JZ\0LA{q>;(\\v /8v+DHC` TGV[{FW\ncTmxzGt4hBij|TTpW	q[?g~hK~¸KMX͟k\ZX6֎RW0kN@9,A\Zunit hhJ)Y$jƉ*O!p!xm\'SoxUŪ^|SH]oo֞]-֗ͱ[f9Xg_{Vo%U6Ǻ,{a>\0+->:^F?ٔS6虑mozx\0]\'GtsԭnmkETץ_>Ʒ\Z}*KCCѝDGqyhَF־=\'5e,w\0EfS6s>Ӹym$H@<cdcKje-K}Kl{kE?u.^GIeV0-=M{ʬ\0Q]K?ܟw(~׿7 <xøjEg/[n;$\0O\'{\0T}6yr\rיs->Oj#~u9`ƺ]\01K=;rD;s<`:ƾW7%mneuԿ]gG,m蘭2[nDdAv*8yͤMրX?y}-\\\r0Ļ-ᦸT	x.\"E~t\"G-w\0_SAZDCGKN/ziѻs^U0:cUum5881O齿73mU1\r\rhc6]78置nE\\{ݖzUUlo%sڪsb@,rv[ҳ26MX~[\0*kW]cl{..:Yc:fS~]Mk.sN֙oOzų\\tY%grn}9+(4O@w`ۡu/cl}_e/Բj:?VHL4Z)x?f+qGmO\0b\rOQȤv%>?7]uCvE׼06֖=5}g=m}h=_5c.c˘EmVW,\0nKru߹:O׵Aͣޫ-}m963\0&\0mE>FN;à\ZMwC\0~]ӂ;{kEX#\0YbV|&zu[w\0]&VGO֪Ǻ6	.n9\0j\0OՈפ>O#ȐW<Ys. xWYkWQS-sbX0m75ʮ\'{lw^~rjٓwǪ\0+}Uݐ5?K\0j\\]]gW	}onZ<X=\"VV\ZoȲ\0ѭ5mE8-:Ňڏ\"]ɘJ;p:9	;ِ:K{P?:WRf?EUvԹ~+g`mL[-;u3Uvg3#zi,շ>>}7bu{\0`\\Yn0<P[f;K}ΥzhC{5ٽ=Xvkߞymmptױ=rs~ᕍ8oG`k{jVC]VڽIVZ?t?5\r+lv̞R[KF73{)݉)z_Wiu&۹_s^׵-egjVĳ6m6h<ns7}vx?C9]/:˟XX\Z:vmnFok7h~H\0کINeg|G>ʘ\\Wݸ٭\0J_SMU&LVsɪW[G{ng?;^#CM@:׸sk[\0\'9;cb]C mqr*ppH_H^\nrr*\0j,n_ٟZX#տŰ:kauk85h\\\\Wꨦ4ǫ^0?Y_2ej\0Tot*ZHevque犍}-w=\0~F?+\0GM/yWQhmO{M)\0}db;18WW]VC`Ҷ[\0̿\r\0GX\0B]0)V\\,qd׷M\\}c01:yI}mkݏߑݱt?t6P\0R$*w_X״?XKF?~\0E{u9Hvu1ø6ƼS־_NW\0F*\0~Iۅ`5UtΏzIK~X{kZ>܊r785-o.#)lRgMrXoҥ7\nC7[]m@nc,w3.t!#ggjN1x?ӾoUkS\ZCFE@4\0X?X/=CƼedZe.5ހzȲ~{^A:x_8+v52Ci5K,vWYm(X@\Z_Sln=Cl5m7Qm ۏsY?/LK+~1:Ŗ1q`C};\Z~kxZ:0iK|4#֟6mc=yȱlp`}`_c/K	gcQMߵRFoP\Z|0ǆ}Ax]s=OYe;khv*·ȷ/-*̢ڭ?Q.qX)M;\0=\nKwu~ԜpZg,0Xm\0&Oٿ^uNM[{w!=nKװ[7锺vR3sᬩncz^--5d4\\lɭ\0_Y\0Y>10K{z,\\֏/7;9.0?FDg\nV/ZGmSc\0gc-KCoܥΨYѺie!5O6豻fu^UEhiAAMQ죸}:O@}&<a~s6=F7k,\0Xd`b0nmpZ2ZV?ӵ\0f|gC}@Iͯ%sNȯis[Ӫ\0G,\"߬|}_ru_ggߥQ,?Uʹ\'.q\'[\0SdP[[u^\0{]_$^cݷs:7>79_Bf^5ykXK\\vY5;mX7kZ+Fgӭ\0~wLƷcWn\r&?KG!fZPR>I\0Gv&;{h[d4)kSFEU\0	J]UXCv|8O;s%$\n.-uΣKdfa5TɭotSs2^l\"aecC?I{[+wPݕk:><V\0oB^}>9X5?Eg~|z\\.`^_Uk~ұUD*ķ\"=oQ\0u*6zm8}N2mYqo,k~F6omߦm.Du;i.凟.uo:g]etJ$Vi&zMmunvO\"^gpZ]fg@CzxwXrOOsrkZ5oimnoOo$%$:tb;Kƪ6_ukZװd?j\0Z_~ڮ\0&cu#ߋU\0F-,n+{-^\r+[\r׼\\HT>[s\0m5]sꉍ/\ZޯQUD0\0MLe?͍;wMwLtdj֧t<:=\rmy8oh5o`kneKa_hkk&ӀZMWP>xnki7zO,za9w{?K\0=s}u6c>Ӓtml/w\ZY\0׮QS1iE,etndX64k\\lkuHףPduSƲNYk}:r2xQE_hsӸȵŹ>h{4m{5;Ν^+hb4寭8x_EůȲ\0!u&ןRmo}߽\0r\0c^xq:?.[ӭkmsh^}GmXlC`j|;ڹ|/j\0@g\0#u72>.SяL\0	%ImN=TгgG%tU>?[pOFQ= r	+엩w\0oº7}\0^\"TFB\0~TJo0,KM=O[/H.|./曫#BFFăA\n뿚oC|rVXײvQŢI$w#S(\0OVPhotoshop 3.0\08BIM\0\0\0\0\0Z\0%G\0\0s\0\08BIM%\0\0\0\0\0?3k\"XeF>8BIM:\0\0\0\0\0\0\0\0\0\0\0\0\0\0\0\0printOutput\0\0\0\0\0\0\0PstSbool\0\0\0\0Inteenum\0\0\0\0Inte\0\0\0\0Clrm\0\0\0printSixteenBitbool\0\0\0\0printerNameTEXT\0\0\0\0\0\0\0\0printProofSetupObjc\0\0\0\0P\0r\0o\0o\0f\0 \0S\0e\0t\0u\0p\0\0\0\0\0\nproofSetup\0\0\0\0\0\0\0Bltnenum\0\0\0builtinProof\0\0\0	proofCMYK\08BIM;\0\0\0\0-\0\0\0\0\0\0\0\0\0\0\0printOutputOptions\0\0\0\0\0\0\0Cptnbool\0\0\0\0\0Clbrbool\0\0\0\0\0RgsMbool\0\0\0\0\0CrnCbool\0\0\0\0\0CntCbool\0\0\0\0\0Lblsbool\0\0\0\0\0Ngtvbool\0\0\0\0\0EmlDbool\0\0\0\0\0Intrbool\0\0\0\0\0BckgObjc\0\0\0\0\0\0\0\0\0RGBC\0\0\0\0\0\0\0Rd  doub@o\0\0\0\0\0\0\0\0\0Grn doub@o\0\0\0\0\0\0\0\0\0Bl  doub@o\0\0\0\0\0\0\0\0\0BrdTUntF#Rlt\0\0\0\0\0\0\0\0\0\0\0\0Bld UntF#Rlt\0\0\0\0\0\0\0\0\0\0\0\0RsltUntF#Pxl@R\0\0\0\0\0\0\0\0\0\nvectorDatabool\0\0\0\0PgPsenum\0\0\0\0PgPs\0\0\0\0PgPC\0\0\0\0LeftUntF#Rlt\0\0\0\0\0\0\0\0\0\0\0\0Top UntF#Rlt\0\0\0\0\0\0\0\0\0\0\0\0Scl UntF#Prc@Y\0\0\0\0\0\0\0\0\0cropWhenPrintingbool\0\0\0\0cropRectBottomlong\0\0\0\0\0\0\0cropRectLeftlong\0\0\0\0\0\0\0\rcropRectRightlong\0\0\0\0\0\0\0cropRectToplong\0\0\0\0\08BIM\0\0\0\0\0\0H\0\0\0\0\0H\0\0\0\08BIM&\0\0\0\0\0\0\0\0\0\0\0\0\0\0\0?\0\08BIM\r\0\0\0\0\0\0\0\08BIM\0\0\0\0\0\0\0\08BIM\0\0\0\0\0	\0\0\0\0\0\0\0\0\08BIM\'\0\0\0\0\0\n\0\0\0\0\0\0\0\08BIM\0\0\0\0\0H\0/ff\0\0lff\0\0\0\0\0\0\0/ff\0\0\0\0\0\0\0\0\02\0\0\0\0Z\0\0\0\0\0\0\0\0\05\0\0\0\0-\0\0\0\0\0\0\0\08BIM\0\0\0\0\0p\0\0\0\0\0\0\0\0\0\0\0\0\0\0\0\08BIM\0\0\0\0\0\0\08BIM\0\0\0\0\0\0\0\0\0\0\0\0\08BIM0\0\0\0\0\08BIM-\0\0\0\0\0\0\0\0\08BIM\0\0\0\0\0\0\0\0\0\0@\0\0@\0\0\0\08BIM\0\0\0\0\0\0\0\0\08BIM\Z\0\0\0\0A\0\0\0\0\0\0\0\0\0\0\0\0\0\0\0\0\0\0\0\0n\0i\0s\0s\0a\0n\0\0\0\0\0\0\0\0\0\0\0\0\0\0\0\0\0\0\0\0\0\0\0\0\0\0\0\0\0\0\0\0\0\0\0\0\0\0\0\0\0\0\0\0\0\0\0\0\0\0\0\0\0\0\0\0\0\0\0\0\0\0\0\0\0\0\0\0\0\0\0\0\0\0\0\0\0\0\0null\0\0\0\0\0\0boundsObjc\0\0\0\0\0\0\0\0\0Rct1\0\0\0\0\0\0\0Top long\0\0\0\0\0\0\0\0Leftlong\0\0\0\0\0\0\0\0Btomlong\0\0\0\0\0\0\0Rghtlong\0\0\0\0\0slicesVlLs\0\0\0Objc\0\0\0\0\0\0\0\0slice\0\0\0\0\0\0sliceIDlong\0\0\0\0\0\0\0groupIDlong\0\0\0\0\0\0\0originenum\0\0\0ESliceOrigin\0\0\0\rautoGenerated\0\0\0\0Typeenum\0\0\0\nESliceType\0\0\0\0Img \0\0\0boundsObjc\0\0\0\0\0\0\0\0\0Rct1\0\0\0\0\0\0\0Top long\0\0\0\0\0\0\0\0Leftlong\0\0\0\0\0\0\0\0Btomlong\0\0\0\0\0\0\0Rghtlong\0\0\0\0\0urlTEXT\0\0\0\0\0\0\0\0\0nullTEXT\0\0\0\0\0\0\0\0\0MsgeTEXT\0\0\0\0\0\0\0\0altTagTEXT\0\0\0\0\0\0\0\0cellTextIsHTMLbool\0\0\0cellTextTEXT\0\0\0\0\0\0\0\0	horzAlignenum\0\0\0ESliceHorzAlign\0\0\0default\0\0\0	vertAlignenum\0\0\0ESliceVertAlign\0\0\0default\0\0\0bgColorTypeenum\0\0\0ESliceBGColorType\0\0\0\0None\0\0\0	topOutsetlong\0\0\0\0\0\0\0\nleftOutsetlong\0\0\0\0\0\0\0bottomOutsetlong\0\0\0\0\0\0\0rightOutsetlong\0\0\0\0\08BIM(\0\0\0\0\0\0\0\0?\0\0\0\0\0\08BIM\0\0\0\0\0\08BIM\0\0\0\0\0\0\0\08BIM\0\0\0\0\0\0\0\0\0\0\0\0\0i\0\0\0\0\0\0\0\0\0Adobe_CM\0\0Adobe\0d\0\0\0\0\0			\n\r\r\r\0\0i\0\"\0\0\0\n?\0\0\0\0\0\0\0\0\0\0	\n\0\0\0\0\0\0\0\0\0	\n\03\0!1AQa\"q2B#$Rb34rC%Scs5&DTdE£t6UeuF\'Vfv7GWgw\05\0!1AQaq\"2B#R3$brCScs4%&5DTdEU6teuFVfv\'7GWgw\0\0\0?\0<JZ\0LA{q>;(\\v /8v+DHC` TGV[{FW\ncTmxzGt4hBij|TTpW	q[?g~hK~¸KMX͟k\ZX6֎RW0kN@9,A\Zunit hhJ)Y$jƉ*O!p!xm\'SoxUŪ^|SH]oo֞]-֗ͱ[f9Xg_{Vo%U6Ǻ,{a>\0+->:^F?ٔS6虑mozx\0]\'GtsԭnmkETץ_>Ʒ\Z}*KCCѝDGqyhَF־=\'5e,w\0EfS6s>Ӹym$H@<cdcKje-K}Kl{kE?u.^GIeV0-=M{ʬ\0Q]K?ܟw(~׿7 <xøjEg/[n;$\0O\'{\0T}6yr\rיs->Oj#~u9`ƺ]\01K=;rD;s<`:ƾW7%mneuԿ]gG,m蘭2[nDdAv*8yͤMրX?y}-\\\r0Ļ-ᦸT	x.\"E~t\"G-w\0_SAZDCGKN/ziѻs^U0:cUum5881O齿73mU1\r\rhc6]78置nE\\{ݖzUUlo%sڪsb@,rv[ҳ26MX~[\0*kW]cl{..:Yc:fS~]Mk.sN֙oOzų\\tY%grn}9+(4O@w`ۡu/cl}_e/Բj:?VHL4Z)x?f+qGmO\0b\rOQȤv%>?7]uCvE׼06֖=5}g=m}h=_5c.c˘EmVW,\0nKru߹:O׵Aͣޫ-}m963\0&\0mE>FN;à\ZMwC\0~]ӂ;{kEX#\0YbV|&zu[w\0]&VGO֪Ǻ6	.n9\0j\0OՈפ>O#ȐW<Ys. xWYkWQS-sbX0m75ʮ\'{lw^~rjٓwǪ\0+}Uݐ5?K\0j\\]]gW	}onZ<X=\"VV\ZoȲ\0ѭ5mE8-:Ňڏ\"]ɘJ;p:9	;ِ:K{P?:WRf?EUvԹ~+g`mL[-;u3Uvg3#zi,շ>>}7bu{\0`\\Yn0<P[f;K}ΥzhC{5ٽ=Xvkߞymmptױ=rs~ᕍ8oG`k{jVC]VڽIVZ?t?5\r+lv̞R[KF73{)݉)z_Wiu&۹_s^׵-egjVĳ6m6h<ns7}vx?C9]/:˟XX\Z:vmnFok7h~H\0کINeg|G>ʘ\\Wݸ٭\0J_SMU&LVsɪW[G{ng?;^#CM@:׸sk[\0\'9;cb]C mqr*ppH_H^\nrr*\0j,n_ٟZX#տŰ:kauk85h\\\\Wꨦ4ǫ^0?Y_2ej\0Tot*ZHevque犍}-w=\0~F?+\0GM/yWQhmO{M)\0}db;18WW]VC`Ҷ[\0̿\r\0GX\0B]0)V\\,qd׷M\\}c01:yI}mkݏߑݱt?t6P\0R$*w_X״?XKF?~\0E{u9Hvu1ø6ƼS־_NW\0F*\0~Iۅ`5UtΏzIK~X{kZ>܊r785-o.#)lRgMrXoҥ7\nC7[]m@nc,w3.t!#ggjN1x?ӾoUkS\ZCFE@4\0X?X/=CƼedZe.5ހzȲ~{^A:x_8+v52Ci5K,vWYm(X@\Z_Sln=Cl5m7Qm ۏsY?/LK+~1:Ŗ1q`C};\Z~kxZ:0iK|4#֟6mc=yȱlp`}`_c/K	gcQMߵRFoP\Z|0ǆ}Ax]s=OYe;khv*·ȷ/-*̢ڭ?Q.qX)M;\0=\nKwu~ԜpZg,0Xm\0&Oٿ^uNM[{w!=nKװ[7锺vR3sᬩncz^--5d4\\lɭ\0_Y\0Y>10K{z,\\֏/7;9.0?FDg\nV/ZGmSc\0gc-KCoܥΨYѺie!5O6豻fu^UEhiAAMQ죸}:O@}&<a~s6=F7k,\0Xd`b0nmpZ2ZV?ӵ\0f|gC}@Iͯ%sNȯis[Ӫ\0G,\"߬|}_ru_ggߥQ,?Uʹ\'.q\'[\0SdP[[u^\0{]_$^cݷs:7>79_Bf^5ykXK\\vY5;mX7kZ+Fgӭ\0~wLƷcWn\r&?KG!fZPR>I\0Gv&;{h[d4)kSFEU\0	J]UXCv|8O;s%$\n.-uΣKdfa5TɭotSs2^l\"aecC?I{[+wPݕk:><V\0oB^}>9X5?Eg~|z\\.`^_Uk~ұUD*ķ\"=oQ\0u*6zm8}N2mYqo,k~F6omߦm.Du;i.凟.uo:g]etJ$Vi&zMmunvO\"^gpZ]fg@CzxwXrOOsrkZ5oimnoOo$%$:tb;Kƪ6_ukZװd?j\0Z_~ڮ\0&cu#ߋU\0F-,n+{-^\r+[\r׼\\HT>[s\0m5]sꉍ/\ZޯQUD0\0MLe?͍;wMwLtdj֧t<:=\rmy8oh5o`kneKa_hkk&ӀZMWP>xnki7zO,za9w{?K\0=s}u6c>Ӓtml/w\ZY\0׮QS1iE,etndX64k\\lkuHףPduSƲNYk}:r2xQE_hsӸȵŹ>h{4m{5;Ν^+hb4寭8x_EůȲ\0!u&ןRmo}߽\0r\0c^xq:?.[ӭkmsh^}GmXlC`j|;ڹ|/j\0@g\0#u72>.SяL\0	%ImN=TгgG%tU>?[pOFQ= r	+엩w\0oº7}\0^\"TFB\0~TJo0,KM=O[/H.|./曫#BFFăA\n뿚oC|rVXײvQŢI$w#S(\0O8BIM!\0\0\0\0\0]\0\0\0\0\0\0\0A\0d\0o\0b\0e\0 \0P\0h\0o\0t\0o\0s\0h\0o\0p\0\0\0\0A\0d\0o\0b\0e\0 \0P\0h\0o\0t\0o\0s\0h\0o\0p\0 \0C\0C\0 \02\00\01\04\0\0\0\08BIM\0\0\0\0\0\0\0\0\0\0http://ns.adobe.com/xap/1.0/\0<?xpacket begin=\"﻿\" id=\"W5M0MpCehiHzreSzNTczkc9d\"?> <x:xmpmeta xmlns:x=\"adobe:ns:meta/\" x:xmptk=\"Adobe XMP Core 5.5-c021 79.155772, 2014/01/13-19:44:00        \"> <rdf:RDF xmlns:rdf=\"http://www.w3.org/1999/02/22-rdf-syntax-ns#\"> <rdf:Description rdf:about=\"\" xmlns:xmpMM=\"http://ns.adobe.com/xap/1.0/mm/\" xmlns:stEvt=\"http://ns.adobe.com/xap/1.0/sType/ResourceEvent#\" xmlns:dc=\"http://purl.org/dc/elements/1.1/\" xmlns:photoshop=\"http://ns.adobe.com/photoshop/1.0/\" xmlns:xmp=\"http://ns.adobe.com/xap/1.0/\" xmpMM:DocumentID=\"adobe:docid:photoshop:0aa67734-b7f6-11e5-9c71-f2ea50208459\" xmpMM:InstanceID=\"xmp.iid:66d427bd-2c18-844b-b451-9844534210c1\" xmpMM:OriginalDocumentID=\"F1C8DF936E23926E555B6CF4CA6770CD\" dc:format=\"image/jpeg\" photoshop:ColorMode=\"3\" xmp:CreateDate=\"2016-01-11T01:50+02:00\" xmp:ModifyDate=\"2016-01-11T01:58:42+02:00\" xmp:MetadataDate=\"2016-01-11T01:58:42+02:00\"> <xmpMM:History> <rdf:Seq> <rdf:li stEvt:action=\"saved\" stEvt:instanceID=\"xmp.iid:9581f4a7-e4c2-9049-883c-a3e79e85335c\" stEvt:when=\"2016-01-11T01:52:07+02:00\" stEvt:softwareAgent=\"Adobe Photoshop CC 2014 (Windows)\" stEvt:changed=\"/\"/> <rdf:li stEvt:action=\"saved\" stEvt:instanceID=\"xmp.iid:66d427bd-2c18-844b-b451-9844534210c1\" stEvt:when=\"2016-01-11T01:58:42+02:00\" stEvt:softwareAgent=\"Adobe Photoshop CC 2014 (Windows)\" stEvt:changed=\"/\"/> </rdf:Seq> </xmpMM:History> <photoshop:DocumentAncestors> <rdf:Bag> <rdf:li>5EE3EF0C41697BF07E6C2821BB379DC6</rdf:li> <rdf:li>B64AC43936FEE6FDD6DEFC8672CB342F</rdf:li> <rdf:li>C1DD39FBB457C0FDB98FC240EF869A41</rdf:li> </rdf:Bag> </photoshop:DocumentAncestors> </rdf:Description> </rdf:RDF> </x:xmpmeta>                                                                                                                                                                                                                                                                                                                                                                                                                                                                                                                                                                                                                                                                                                                                                                                                                                                                                                                                                                                                                                                                                                                                                                                                                                                                                                                                                                                                                                                                                                                                                                                                                                                                                                                                                                                                                                                                                                                                                                                                                                                                                                                                 <?xpacket end=\"w\"?>\0Adobe\0d\0\0\0\0\0\0		\n\n\n\n\r\r\0\0\0\0\0#\0\0\0\0\0\0\0\0\0\0\0\0	\n\0\0\0\0\0\0\0\0\0	\n\0s\0!1AQa\"q2B#R3b$r%C4Scs5D\'6Tdt&	\nEFVU(\Zeufv7GWgw8HXhx)9IYiy*:JZjz\0m\0!1AQa\"q2#BRbr3$4CS%cs5DT	\n&6E\Z\'dtU7()󄔤euFVfvGWgw8HXhx9IYiy*:JZjz\0\0\0?\0K:&,\r$=>.\\h&Gy:JSf[M4P\r6Zq%+6\'#jcj@݈8b]|1Wq1U*xb*f«y*F(m@?F)\\\"ӕUYN\\6xUuYE*|W9dڂ)mɜSHP\0\n2Ђ>0)V|D2\nJ\"2ˑ*\nWЕ۪+ISb!mZl+*O6YUP+b=WzOVRmicY;W^3i)ZZlCacE`=W2~$#қ͗\n*2(\\\ZEP郍*\r\".r&~u4lB֛ĴJD(J&\";d`E)\"uVhl2p/Rٝ\0\ZUY8ѝ3wiI6r\\HwԨ;ļ\r}W𪥘=ZWK5q-+dn.O჉xUOV[FׅDF]:1\n <KٵC%wգ\0^lKѷĴt8-xVzc\r	L$Ai]M0%TbUrd\n`UdH(oj)\rr*%T\"]ȟ+n?*\0җyW\\AtDI\'%Oƥ5}nTKqNbuEWUP[c:W*[A!w<\0Kn0\nM\Z\']huZbƖz;CCktFQn[ێ1M6/ҽ+.\ZS&\rI9nvǅmqԣ?,xV7ָ𭶷`hP:\0Q `<\\(SMXnƑm}eq;C<6:^cҸ𣉯9/K¼Jr|ND\"JzþBK|&ýq^%e#%\0X#L¶\0V\\c2pPMA+\"ɡJ-4RMܮY6Z2%\0=+V_mni%t<EdG\Z(yfOT\ZH=innpzظF.J\0J<r&I[uZ,)6ju	11Q\ZBA܏ZF,`PTm4$Y(T{H^\"V\0XcĎ` aAd>c&ƿ$%|> xMNUz9㥸2Ƽ\nRZJH#$$bcliށ6ߣqaN8K>O&T\nP$*RPx.JM>x¸ӡ88x%hvE*\" ?f\"mx7HX>7ڢ=dU矗m%-Z\'C13v`P&aHZ,EHU_-zlje^H\"`=9BLɞ8T5N7Sdi4(((>?<bf@X\ZTfqkRLD2C,KQO\n\ZY$KR1\0w5\'jSK;0uFX>#\0\ZT%~=;@G/SԑA~QOzǔ<ՠGESƿe㏖̎14ğY-\\Ō7r$.\Zӧ,qPC?=?֕ Ƥ\nR\0>\0\'ƥ޻4?9[zsxtW\rt5}B(+\'淖萒:W*TH50DA(R=ǧKwb?dzEO\nˏ\rms\r^9?lE5~$eYÁ\nu+E6\'6U&Z]G፭7፲^\"@v|\n-엪\0쪦St\\S[j D1*:TEW\0	-$lDŗ>Y9Wlnגy&a:꧍Z>l~*/E\nɿ3ŦLzחrOxs7rI|!$\"=vhOqtvS4/?iYVJ+o`mɏY9ļ?͞xp_<Zicv|(-xsDH%ԔsJثPq-<A@\\,jSLncɕe б9\nY~HAnaa7O-;@9nL&_Jn:z\0-c&ֵ)4Y!?dU-ʊ4=r%TS_E|i*\\\0M+*M^Ć:7ѵC%ݏz*GЏPl&v\ZkXut|T.EHdN,x\0plFg:&=?\\i1jNo,3kYz\rye>fwح;\066?v*$8|Hw8\0Ig-`Kw?/oˢ_h:t(G<$$9c:$|D\0.YqoMrQ]o,ǜʑV~!KJtZfdbFlz䃻^ĕumcc4Xǜ۠乵KSRU&b yh܇7=$GEmAMK&B$RlZH)O |]7v0tY\0\ZBlZ4so6_stM8L0`G럟ZIe-̓:\0\0\r%\\z\0+nMENk#nLR)EZ= U{=qB	U\"U+V`wTSYRJȃБ$Ci#H%Vڊz\'|4-G3f J0\0\'.\nvi7_r.fu5\0)E+,f{rl5hIXHwrӏ.y\0l+_;?հ\0$)	^_hWk0r?c(Ih;`E./}4霝)Pm<!bej)ޘүldak׏WK#Cn\"ȌOq@TkwmSԎ6q8gd!ƹ/%kWe/ڨOn|s!Ȁ|b\"	qmjqޝ	LFh\Z_sХʥ(7K)\"qn:1GOt9\"\rSD!&csU\0\Z\'4I[ne8[G0hٓ{yIT)<W	vz/oX\0АRSeqXGҊYx~ˎHd5Ha:㧝\"o4N#),Jȟ4Sտ-\044+?.nuX_cĴáyVHdީ\nȧoA)?,9\r\0鷐\n7(ߠ?<bz_T&\0Y?$pƇYh3QCk1JgV\niͬ2R8wZfPtfS,8\na-4GrPAPB҈;v0o{7@IǗnćdoNʨ5I__1[F\\-=V@粝\0SYY  j2@)is[dػԯS\nߩĞ8U+-e8۹↹i_[&MgZ[x;vGU̜nՐ[&m6Rzi.ju|P\ZSmyiЕ=EniU,ɴbh8~ħur\'i7{͢Y\\\nJ*ezAAjcJ^~F~]+i-7l}**]q\08bK	zL&4#r@@:O/\ZVxOuɖ\Z?WID7g,I_Me6,7(F4,r+^mcAwliSP˖4Ԧ=tZWק%\0\\U]}4Ɯ[!f,@|cj+KbJ?i8	^-bw7>*CkH9nOvE?N6}iOŧ[`iqWY\rh\n ZM4,iz*[^#HGȴ(C8H;>g7X7Mx}`+rc\"4#qJ|cضcGfE,X\"l6xTmi;ӿ>M_\0UY߫\rT\n~?k\"3gG~n[m6Du*Ғ3AL3&2+M~E0\0I]\'Ol>8A:vfcN\0M\Z}^F-=2@&, n>T|æK	PBbw0GT*:WBMqxrBG#oQm([*Y\ZI8nh~1U98oYX)4uaQӊ;{ᵍHB\0N%PvD@!\\\n/<C-T:OK+:+,4K`k\n)In Ua9E$\'\r6*~dԷ֮\ZIi~(O5MHg-7aR>^G#FE\nmi\0&\0\n\n-?3{wDK\Z\"iC0\n\\A[XxV6~H2OM\Z9J9\0_5ҽIF)N-0|rXz<j~#La8$N#|UqQKYTTO*ԴE/s{oI?YA{jӷ&f\'zaVO绛pXP*P8^ш?@Ai5kdzMi`s)*Or\"$Ru#\0oe#Y+.T?MF! hM\0B+m/\\7KV;pL<%l&m\0x!_MumGVz[4rhB+\0G-3gy`[-%_q>=>\"p&VO/]v*\r*wBWӭĶ47 jt\0WrJQ]a˲@7=B\'n*\\[r{,A[}^EU@MaZWXME+KC8\Z_\\.l;\\]eҼaK;\0{bEJc!ԃXǒ\ni\ZM$QӃ|Io^s~^kRmRC#)&X}UR=Pk{mtqYF?x,S2-wmvfI8k7DSHyz?2XNdj䆮Р=hO5}+Ng}WU2gbUzw)5΋(<5\0a%J\0lPy)^\n\02b|#^mQ @l$1WD+\n\0=tHQգr8;VELUrKԛF5n0i-nY8 E9MǊfx6kK3\\\ZwF&T1iQ~	yVȐm\0:7PCuk95vQJ\08i_@Heuf`Ff*\0j[PFUؐTs\0]Xui&hM-*\rtџ{Veޒa%`OVPj^2ce\n(UJ(\0ok\nDp*HU\n7,FKodҦ+J[#ZWߧLR\"Ѽ&Q2Ŷ-W(H~\0#-dJt9=̱ea50\"S4338rI|[\'\Z k-^ ,Ks\\`\0ɯI=0.NA\0k)W!1U3YwULqV;\05[s˷zĠ38[F\Zg_#k>i-R{&+EV}K=U럩\\Q75:#+-m8Dm\0v[_j#EiPEO$,Pd1T~dr@Vͨ))EaO6I;X,!DXԞ *8M_ҙ޸ӊF\0]\"?OK5^`f5eaDl{2,<CT*zqk8AS\ZK鐼d>Œ4	ג(tF夂NR=9I,/6<GlVTFv\0zc2h:LAKrWM^)qZ%f84^gz	(`~X]I|T!+Ď\ZqYIfbU}B=/OaȐ27MyE)@yN|B#i\ZryiZ\0{:\\$aԑhm	[$ۍ@h˫P~*4֯	o/gY(6FPUپ%ǊI\0<l\0V}.j%M6gWѡ9h.+Ӏۚ܌ACQ\Z#>㕿*9*CrHEqULSNW\0ⴺG+O	\03DF5w.J\'*(x}mW(?ȫ QJBՇ߅i_Y]M?OS\nHHƔlg.Ő_ow a/mQjH/FU(//} i]ίr3jWE/\r\rnrvz-d[EtAhw\0ϧy>յV-}?b}ኩ+k뿩xvVVEy^\ZzSzbo5֐zR_*(iW	|eUUm<Rۊ1Xa^vu~=+1WLkfWҵ)\'ِV~?g2Plv\0$\\2412#)L,TfӵPFoI\0El)ET=x2(Qn?ҕ̬՛T[&[tz\"9a*n.{[=TJL\nmmOύ;U֙\rV;Q\ZX)\'l;\0NgӴ[71>n.l.؏z J#|k~Pux;9ßeBMi0nإLqW3_0{^zRjj<)?U\"֟s8Q>}ҁl{kqU.l\0b!+IOP6Ư{l^AP\rE<\'fBӘXcǠ<vY,BཾKWޙ>,[E){dx:YcKQ~+@=wuĽRk`\0+ݮkZq69@8 \0~lR8G!T!:?A\"88;6Q\\KcwmqG<;4{{kKbI\"9#,ܙįCd&\0ςAq{+P_дP7591?2.E*]\\,~0P%cNcw⾧$<r)N`qǦGrJL)Sns\rӯb7>p}R3v;gpee*>tSa\Z1fdk8)2B})~>L3EǭF<L[sTcǉ<,k_o҅<fI?Gru99	4ާl\0<qR@{hQ\"cpHnK	ZՓ<_zRbkZ88܏wayF&.|Yvk\\ݒ]GԶ(̂M\ZE~p^dEӛT\'*@ּMsjEtKB%H\\!T2iUWfY?^0&~dl\\٤Pľ!ebq%zmM&J	k2zz\08+|\0^s-G8\r\0w8MGKTJ)x|$Guou ?v,?1\"zuȩe_9vב2ղeaRH k)WճX_ڦ^KkfI@Rj\0qJ6>}nQnK9>R)Q1}*_P̚$S1^E=>0BQg,\0+\\WwF\rpO%d<X|%Zѭ4Y+15y4\";vP-/gI,\'\"%o/\\Hn;|ZjcORZƖD\0WGR~im4<k[^C*8L( \0#3%s7G=)??<7D,Ai.4F-S/ߔ^mDx@2}i#Ȝ(mVp%^wVphW?XHHOnjqT4X+_.MZ^myƨ~tWj?6Q䶌x^pfHV`,RW\0;G6(-<({	uKK}IndTJn*dREfvE|b&s3+֤XkXdHȖF[z\rMHNFvɗG[@TXuPl͋AT\0zozt\Z-9V)1[a?֐\rS,1T}YWlV|yg\r?	Yyi;crac^([乒7i|,ߛBd@)65S-J2`_Z0\0]mXyTf5\\U~fЩAğILlSϾg햨kt\rcց|Xz_]~Ίl(6cj\\N[̗2	Yb1V4~md\'k-R`O8>\0rj}H0ۣnOLm/uZ{\r1vw<^MDG1DEɆ65<GuS@b6[8?P#Z4>r\0ȐG͇GOL5A<V^E%(OWT\0܅޽*F	<qUDG	˿ٮV۱_b-ȀDPr\0~\0%\nI\'bٟ׊&17P~?*/	RhM?(Qa7#2,=:\\Ť)09*ߌc|rOR_6ìyr1[\'աY`5n(gl1<ȷw1;j=EYxl@*|q<^kQ\0W)O\nnb[HGJӷ|6ʘf\Z/)\r?8bE\\>ڔZ<ө<zujLvG1%I|py1sby7C<c[rZ1D\nY;L#ef\'~e\\H@aVvӮ\'as\\<WΗXX_+xȆEejVczǦ__OEFNSDʵq瓎@CBm[̖Vz5.NtrYfdsٓBZ{Xt:Ԭ7A[V\'g^H}05q(=;S$~r_*\04`l\ne^6oY6,f91FD N9d)(\07/51.J͵IRVxLf4)R(F0;fD,ߩb~W\\ã^}YD\"CidW_ʏ9Qf|[qz8D\n/[px<_E<@i35^O\0	ʼ_z\rEwsŊ|9\"W -9\0X<HÓ.H\nAzPG!eO!scxEZ?-E?K5e\0B|%DapWTX\Z6>42|@\r/#tj+{Kd[I4oťBGS=i2b}-ki>n1\"Pʠ\Z?25=*\0On8f!e\r3\ng\0+2j$GH`SabQD<\0-~_%_yctP9?޼kf\r2q[oCqZ.PG\0A\rw*{b$JUSOl Z}VZf(MU4c\0q-zS3yn}Zb\r`Jr̂k8$Iي@fR~|j<e>os~{oܞ;0Nd,~k&S&0#y-vZ\\\nx5Ga>n.\0GXZ$\r%AAbbY;EpkItBZReX,.X`dBalk+64䐕	dC?AU\"Ҽ}뀕^/TVJJ\0pcTj»^6y%\\-^W10HW}$77Ngieb qB`!oLU&4xSFDo5^~\'殫xү+(?vE?X| Q?t><0ğKcdfp6\rmPTGQաVi{P^#?ּq}sy:eW<mrGfʧ!+z^BdKꡢC\rO #5!WF5;dG,tk.,\"I`a`y-	**i9`2	֟*5ܰhQFf\'=28QG|ZҏezTXV[e(H)׈oYMc˽TnB<,Q9׌j7KV:l&7QA@8ԈS^q\nTD %~a^^ƿ,<HCǧ4KC8^mk\rRߖOlNe_<Gs>mwNIWEW\"$Uw2>$!*v*d^\n\0אUhX&v^URE?O[G4>g+2	\0-\\׸\Z}r$ɘN`6	 2d)4\0/~H6v\0br$Ol\'![QED5\n;\n\\h0(/,ƞuM,\n2z\0:;#gi/Ѝ#2Dͩ]l-NPJ\nTB7(h&XJ8QVfcE\0x˝6^T[aw\0Hy1@˂+ųS\"C4o99\Z-(\\*2C֩Ƶ_p֍lfX\n	 %-T)\rQc>p?1IcS\'VB*B8kicXi֓Z@\"͹hN8O\'GLW }gASێʟurj-eD;\0sЀezH\"һ1r)3vN	RDkey\r1!wZ[FR@COa\n7Wz)IkS.TƙN+IeΌ+E\"eNYe5-[o6ilSqb;rcS[~UK*\"\\rLTYױ!g59$5ɻ㊷IwV*}X8L\0HD/\0,)m0pE??\0GEC8AQirM|.仛1-+(\nSAO|ev+O2HEE9Qҵ2z-]-l;$ZDO0(gge4K?4̋JHuRa\Zڠ֔jvTdWv1X֣VхUXM(Rm6HހoP\0VbOzRVwCFFGBw(TcE*+ƃmb\'Y#^\"JS|\"l:Lff6B]\0fR(te;L]eA\Z@P2+Slу$|HM௒D@=7<*|Ļp:}ؠZKj)ޠ-5j5=\0θ[hvױ0\'pWD#ʵ)s$ǁ/\Z27j\rAc/!t?<|ErfQ/I%k#U?v<K\r<Kf5\Zxhs\0&<k»p/\nmxUW˗ttǉ<*WI:cq^T~Y&KyBf\Z;vURk@͗6]רޡq&OZ f0gyQЩ7~VM#S~2X}bJDP(!o$bQ\"w\0:7_)W?_OOZqbLwHN<O\nV}?gU=OF>VߦkA=J_ǎܩ,*;JOF޼ֿpo}{o_n&mǡW!]2T֡LSoVkQ>v݊(yWlUG5[ӧ_lUF\\֧\n=UNu,*~\ZSS#6iCZSrĭ\0DڴPZ\0gSN)_zCtڕJRrޞԦPqkzҞ7]fxz\0koN4ޘwe$ҿ_a+ÝO_Õnfqa;ӏ^\0ӯovF\nZmϥ{W*ԧAʟ,U\'^)C\nAO\ZUkzҼv|=U\rr'),(6,'Nissan Qashqai',120.00,'cExif\0\0MM\0*\0\0\0\0\0\0\0\0\0\0\0\0\0\0\0\0\0\0\0\0\0\0\0\0\0\0\0\0\0\0\0\0\0\0\0\0\0\0\0\0\0\0\0\0\0\0\Z\0\0\0\0\0\0\0\0\0\0\0\0\0\0(\0\0\0\0\0\0\01\0\0\0\0\"\0\0\02\0\0\0\0\0\0\0ևi\0\0\0\0\0\0\0\0\0$\0\0\0\0\n\0\0\'\0\n\0\0\'Adobe Photoshop CC 2014 (Windows)\02016:01:11 01:52:07\0\0\0\0\0\0\0\0\00221\0\0\0\0\0\0\0\0\0\0\0\0\0\0\0\0\0\0\0\0\0\0\0\0\0\0\0\0\0\0\0\0\0\Z\0\0\0\0\0\0r\0\0\0\0\0\0z(\0\0\0\0\0\0\0\0\0\0\0\0\0\0\0\0\0\0\0\0\0\0\0\0\0\0H\0\0\0\0\0\0H\0\0\0\0Adobe_CM\0\0Adobe\0d\0\0\0\0\0			\n\r\r\r\0\0i\0\"\0\0\0\n?\0\0\0\0\0\0\0\0\0\0	\n\0\0\0\0\0\0\0\0\0	\n\03\0!1AQa\"q2B#$Rb34rC%Scs5&DTdE£t6UeuF\'Vfv7GWgw\05\0!1AQaq\"2B#R3$brCScs4%&5DTdEU6teuFVfv\'7GWgw\0\0\0?\08K\nbmEoC/AY؟bJk\nBD|LJkz!?L锔BoD+^H|SS	z!Y5JJ@*\nb SSS \n@$^MxJS_	ZږT\0}$VcHT<LPT7AVs)R\'Fhf!AwQk~!~Ok}KT?y\'nŎz%d8UvmQwNw\01QEoö6?P?c.pewq\r`\'Eh;!;,>Eu80e.uӉ=g1V1	mf,hY`kwg#E5Br+Q3HS)*B>IA%SPRS*ǂJJ1TB#Hƅ:q,42658NPӢ\0[FˌaomX][}\"2\'ҿW4*oḵnĶyzmy\'t\r\0588+6`\r7I\\lnmIZ/\r8^\0]MKJG&`:?߽o5xݨPt~\0C:c;ǱcD3qwhiߤf{Ӭ`O-{]2Z~i-5Lj`\Zꣁ[1ʫpǙ>\08g}GE\0А?EGwbQ_po}C%h/Ssuvcq\0_zc@sN֙c	,-V=>+\03=޷Vg\"׎?wjVO_\0i䌆@҄H.9˯NW\0\0ݬv\0KM_ΫMwW`c1z Ve!ֵ03(shsmls\0M!{#ZmctOI+SZ76RAJRSEa@\0)gN#uVgj_duDK^_2J?Ƙ~E:UFMSiw}OwtVeY[n\0j\n/H<i	.א@ݮ\0C}s\\֎\"@\0*ȡæTԯoIǻ90v܃w4\0h@Venŵ.s\0%\\\'[_;iG7\0Sfc1+uֹϦ/Nw{N\'Ӵ]YMUgxSЃv׷kc\0I_V.w#ߍv_jAV@ϲSeV~Ϯ}:kz/N\Z]u#_ȈAp\\!U{idSYs}\rU9lO5Wֲٍ-m/}8=Oq,msgR\rufc}O]ٳJo\Z/p027C{r\0YwVֱ.y\0}Um55>K؉gHt6gN\'&UN@om>\0K)/duVeu<z[m.s,nFdT{@s*x?ioc}?WzⱰN	ۆF=VX3ys`5>̫n3Wkޜs0~(VVYf^M=ݵ߳J{dc-Ѹ6H\rk\\]c&Ҿ2\\D.ҪCkZ@2yEO_L)5%1xNC\\<kY6_[\\gv)o=?1pTuj:^Q؎c}!չqm\"=oRϧC}bl8/l@ i3Ag^7Mos\rnk9Z-si\0ҺSF>[LH{@n{s1z@0)o\0oz[1:UX6bWc{%}7fNfSj$ckۧg*nK쮆ww{^mЎC>ϱ\Zknv5m[m;=/γ;,~9ĵK\r{vkjWP˻CqwUkX\'_,z]C\"DV{z^]|=v9=ۃ^ڝgʞ*Ǳv$O}M9\rhgikfE0\\SZ[EV7ɷX\0^԰ܪl7X.cfju1S!iIO3Z\Z2t#QϤh*crӲki9\0#m$7_M4Ɋ驺cڨ׺vWL2,~;ۜ6L߰?ḀF,\0WX\0,Iu6ֲ:<7VٗF5B	 QI.ٷ.yV}W7հ5\0L]1rzKK\0mQg0K}7!i>eM}nkngvX?:c.͕SzwTe`sZ,kMlku\'[v7ߥm{I\'oEA%JRS<Rw<G}\"ۖ9u\n?\Zn4\04Vd}^x;@X]G\0j{]Jotk\0U<jqc$5+Fݶ\04\0e~{~r=SRce4%ͱ-}h:NG159$o~-ԊN}6\0hw׮KdхM=v.&]Yvc\\ƶKml`k-gfokev35y\0Aao%6d5GKGc}euzmP]S)kiwV{_bpIDfdTx͗[\n\0V}.+\0WG>(g[Z<@t}	؏kߍUփ\"ۘZ5]cێ*Ux}JZĝ4jSMu.\0sTuFFiRB_hUR-m/*$<TSkMY$LJf%V\"I%zVΝ>($͢\Z\Z8PL\nI).O목$׬UIOPhotoshop 3.0\08BIM\0\0\0\0\0Z\0%G\0\0s\0\08BIM%\0\0\0\0\0?3k\"XeF>8BIM:\0\0\0\0\0\0\0\0\0\0\0\0\0\0\0\0printOutput\0\0\0\0\0\0\0PstSbool\0\0\0\0Inteenum\0\0\0\0Inte\0\0\0\0Clrm\0\0\0printSixteenBitbool\0\0\0\0printerNameTEXT\0\0\0\0\0\0\0\0printProofSetupObjc\0\0\0\0P\0r\0o\0o\0f\0 \0S\0e\0t\0u\0p\0\0\0\0\0\nproofSetup\0\0\0\0\0\0\0Bltnenum\0\0\0builtinProof\0\0\0	proofCMYK\08BIM;\0\0\0\0-\0\0\0\0\0\0\0\0\0\0\0printOutputOptions\0\0\0\0\0\0\0Cptnbool\0\0\0\0\0Clbrbool\0\0\0\0\0RgsMbool\0\0\0\0\0CrnCbool\0\0\0\0\0CntCbool\0\0\0\0\0Lblsbool\0\0\0\0\0Ngtvbool\0\0\0\0\0EmlDbool\0\0\0\0\0Intrbool\0\0\0\0\0BckgObjc\0\0\0\0\0\0\0\0\0RGBC\0\0\0\0\0\0\0Rd  doub@o\0\0\0\0\0\0\0\0\0Grn doub@o\0\0\0\0\0\0\0\0\0Bl  doub@o\0\0\0\0\0\0\0\0\0BrdTUntF#Rlt\0\0\0\0\0\0\0\0\0\0\0\0Bld UntF#Rlt\0\0\0\0\0\0\0\0\0\0\0\0RsltUntF#Pxl@R\0\0\0\0\0\0\0\0\0\nvectorDatabool\0\0\0\0PgPsenum\0\0\0\0PgPs\0\0\0\0PgPC\0\0\0\0LeftUntF#Rlt\0\0\0\0\0\0\0\0\0\0\0\0Top UntF#Rlt\0\0\0\0\0\0\0\0\0\0\0\0Scl UntF#Prc@Y\0\0\0\0\0\0\0\0\0cropWhenPrintingbool\0\0\0\0cropRectBottomlong\0\0\0\0\0\0\0cropRectLeftlong\0\0\0\0\0\0\0\rcropRectRightlong\0\0\0\0\0\0\0cropRectToplong\0\0\0\0\08BIM\0\0\0\0\0\0H\0\0\0\0\0H\0\0\0\08BIM&\0\0\0\0\0\0\0\0\0\0\0\0\0\0\0?\0\08BIM\r\0\0\0\0\0\0\0\08BIM\0\0\0\0\0\0\0\08BIM\0\0\0\0\0	\0\0\0\0\0\0\0\0\08BIM\'\0\0\0\0\0\n\0\0\0\0\0\0\0\08BIM\0\0\0\0\0H\0/ff\0\0lff\0\0\0\0\0\0\0/ff\0\0\0\0\0\0\0\0\02\0\0\0\0Z\0\0\0\0\0\0\0\0\05\0\0\0\0-\0\0\0\0\0\0\0\08BIM\0\0\0\0\0p\0\0\0\0\0\0\0\0\0\0\0\0\0\0\0\08BIM\0\0\0\0\0\0\0\0\0\0@\0\0@\0\0\0\08BIM\0\0\0\0\0\0\0\0\08BIM\Z\0\0\0\0A\0\0\0\0\0\0\0\0\0\0\0\0\0\0\0\0\0\0\0\0n\0i\0s\0s\0a\0n\0\0\0\0\0\0\0\0\0\0\0\0\0\0\0\0\0\0\0\0\0\0\0\0\0\0\0\0\0\0\0\0\0\0\0\0\0\0\0\0\0\0\0\0\0\0\0\0\0\0\0\0\0\0\0\0\0\0\0\0\0\0\0\0\0\0\0\0\0\0\0\0\0\0\0\0\0\0\0null\0\0\0\0\0\0boundsObjc\0\0\0\0\0\0\0\0\0Rct1\0\0\0\0\0\0\0Top long\0\0\0\0\0\0\0\0Leftlong\0\0\0\0\0\0\0\0Btomlong\0\0\0\0\0\0\0Rghtlong\0\0\0\0\0slicesVlLs\0\0\0Objc\0\0\0\0\0\0\0\0slice\0\0\0\0\0\0sliceIDlong\0\0\0\0\0\0\0groupIDlong\0\0\0\0\0\0\0originenum\0\0\0ESliceOrigin\0\0\0\rautoGenerated\0\0\0\0Typeenum\0\0\0\nESliceType\0\0\0\0Img \0\0\0boundsObjc\0\0\0\0\0\0\0\0\0Rct1\0\0\0\0\0\0\0Top long\0\0\0\0\0\0\0\0Leftlong\0\0\0\0\0\0\0\0Btomlong\0\0\0\0\0\0\0Rghtlong\0\0\0\0\0urlTEXT\0\0\0\0\0\0\0\0\0nullTEXT\0\0\0\0\0\0\0\0\0MsgeTEXT\0\0\0\0\0\0\0\0altTagTEXT\0\0\0\0\0\0\0\0cellTextIsHTMLbool\0\0\0cellTextTEXT\0\0\0\0\0\0\0\0	horzAlignenum\0\0\0ESliceHorzAlign\0\0\0default\0\0\0	vertAlignenum\0\0\0ESliceVertAlign\0\0\0default\0\0\0bgColorTypeenum\0\0\0ESliceBGColorType\0\0\0\0None\0\0\0	topOutsetlong\0\0\0\0\0\0\0\nleftOutsetlong\0\0\0\0\0\0\0bottomOutsetlong\0\0\0\0\0\0\0rightOutsetlong\0\0\0\0\08BIM(\0\0\0\0\0\0\0\0?\0\0\0\0\0\08BIM\0\0\0\0\0\08BIM\0\0\0\0\0\0\0\08BIM\0\0\0\0\0\0\0\0\0\0\0\0\0i\0\0\0\0\0\0\0\0\0Adobe_CM\0\0Adobe\0d\0\0\0\0\0			\n\r\r\r\0\0i\0\"\0\0\0\n?\0\0\0\0\0\0\0\0\0\0	\n\0\0\0\0\0\0\0\0\0	\n\03\0!1AQa\"q2B#$Rb34rC%Scs5&DTdE£t6UeuF\'Vfv7GWgw\05\0!1AQaq\"2B#R3$brCScs4%&5DTdEU6teuFVfv\'7GWgw\0\0\0?\08K\nbmEoC/AY؟bJk\nBD|LJkz!?L锔BoD+^H|SS	z!Y5JJ@*\nb SSS \n@$^MxJS_	ZږT\0}$VcHT<LPT7AVs)R\'Fhf!AwQk~!~Ok}KT?y\'nŎz%d8UvmQwNw\01QEoö6?P?c.pewq\r`\'Eh;!;,>Eu80e.uӉ=g1V1	mf,hY`kwg#E5Br+Q3HS)*B>IA%SPRS*ǂJJ1TB#Hƅ:q,42658NPӢ\0[FˌaomX][}\"2\'ҿW4*oḵnĶyzmy\'t\r\0588+6`\r7I\\lnmIZ/\r8^\0]MKJG&`:?߽o5xݨPt~\0C:c;ǱcD3qwhiߤf{Ӭ`O-{]2Z~i-5Lj`\Zꣁ[1ʫpǙ>\08g}GE\0А?EGwbQ_po}C%h/Ssuvcq\0_zc@sN֙c	,-V=>+\03=޷Vg\"׎?wjVO_\0i䌆@҄H.9˯NW\0\0ݬv\0KM_ΫMwW`c1z Ve!ֵ03(shsmls\0M!{#ZmctOI+SZ76RAJRSEa@\0)gN#uVgj_duDK^_2J?Ƙ~E:UFMSiw}OwtVeY[n\0j\n/H<i	.א@ݮ\0C}s\\֎\"@\0*ȡæTԯoIǻ90v܃w4\0h@Venŵ.s\0%\\\'[_;iG7\0Sfc1+uֹϦ/Nw{N\'Ӵ]YMUgxSЃv׷kc\0I_V.w#ߍv_jAV@ϲSeV~Ϯ}:kz/N\Z]u#_ȈAp\\!U{idSYs}\rU9lO5Wֲٍ-m/}8=Oq,msgR\rufc}O]ٳJo\Z/p027C{r\0YwVֱ.y\0}Um55>K؉gHt6gN\'&UN@om>\0K)/duVeu<z[m.s,nFdT{@s*x?ioc}?WzⱰN	ۆF=VX3ys`5>̫n3Wkޜs0~(VVYf^M=ݵ߳J{dc-Ѹ6H\rk\\]c&Ҿ2\\D.ҪCkZ@2yEO_L)5%1xNC\\<kY6_[\\gv)o=?1pTuj:^Q؎c}!չqm\"=oRϧC}bl8/l@ i3Ag^7Mos\rnk9Z-si\0ҺSF>[LH{@n{s1z@0)o\0oz[1:UX6bWc{%}7fNfSj$ckۧg*nK쮆ww{^mЎC>ϱ\Zknv5m[m;=/γ;,~9ĵK\r{vkjWP˻CqwUkX\'_,z]C\"DV{z^]|=v9=ۃ^ڝgʞ*Ǳv$O}M9\rhgikfE0\\SZ[EV7ɷX\0^԰ܪl7X.cfju1S!iIO3Z\Z2t#QϤh*crӲki9\0#m$7_M4Ɋ驺cڨ׺vWL2,~;ۜ6L߰?ḀF,\0WX\0,Iu6ֲ:<7VٗF5B	 QI.ٷ.yV}W7հ5\0L]1rzKK\0mQg0K}7!i>eM}nkngvX?:c.͕SzwTe`sZ,kMlku\'[v7ߥm{I\'oEA%JRS<Rw<G}\"ۖ9u\n?\Zn4\04Vd}^x;@X]G\0j{]Jotk\0U<jqc$5+Fݶ\04\0e~{~r=SRce4%ͱ-}h:NG159$o~-ԊN}6\0hw׮KdхM=v.&]Yvc\\ƶKml`k-gfokev35y\0Aao%6d5GKGc}euzmP]S)kiwV{_bpIDfdTx͗[\n\0V}.+\0WG>(g[Z<@t}	؏kߍUփ\"ۘZ5]cێ*Ux}JZĝ4jSMu.\0sTuFFiRB_hUR-m/*$<TSkMY$LJf%V\"I%zVΝ>($͢\Z\Z8PL\nI).O목$׬UIO\08BIM!\0\0\0\0\0]\0\0\0\0\0\0\0A\0d\0o\0b\0e\0 \0P\0h\0o\0t\0o\0s\0h\0o\0p\0\0\0\0A\0d\0o\0b\0e\0 \0P\0h\0o\0t\0o\0s\0h\0o\0p\0 \0C\0C\0 \02\00\01\04\0\0\0\08BIM\0\0\0\0\0\0\0\0\0\0http://ns.adobe.com/xap/1.0/\0<?xpacket begin=\"﻿\" id=\"W5M0MpCehiHzreSzNTczkc9d\"?> <x:xmpmeta xmlns:x=\"adobe:ns:meta/\" x:xmptk=\"Adobe XMP Core 5.5-c021 79.155772, 2014/01/13-19:44:00        \"> <rdf:RDF xmlns:rdf=\"http://www.w3.org/1999/02/22-rdf-syntax-ns#\"> <rdf:Description rdf:about=\"\" xmlns:xmpMM=\"http://ns.adobe.com/xap/1.0/mm/\" xmlns:stEvt=\"http://ns.adobe.com/xap/1.0/sType/ResourceEvent#\" xmlns:dc=\"http://purl.org/dc/elements/1.1/\" xmlns:photoshop=\"http://ns.adobe.com/photoshop/1.0/\" xmlns:xmp=\"http://ns.adobe.com/xap/1.0/\" xmpMM:DocumentID=\"F1C8DF936E23926E555B6CF4CA6770CD\" xmpMM:InstanceID=\"xmp.iid:9581f4a7-e4c2-9049-883c-a3e79e85335c\" xmpMM:OriginalDocumentID=\"F1C8DF936E23926E555B6CF4CA6770CD\" dc:format=\"image/jpeg\" photoshop:ColorMode=\"3\" xmp:CreateDate=\"2016-01-11T01:50+02:00\" xmp:ModifyDate=\"2016-01-11T01:52:07+02:00\" xmp:MetadataDate=\"2016-01-11T01:52:07+02:00\"> <xmpMM:History> <rdf:Seq> <rdf:li stEvt:action=\"saved\" stEvt:instanceID=\"xmp.iid:9581f4a7-e4c2-9049-883c-a3e79e85335c\" stEvt:when=\"2016-01-11T01:52:07+02:00\" stEvt:softwareAgent=\"Adobe Photoshop CC 2014 (Windows)\" stEvt:changed=\"/\"/> </rdf:Seq> </xmpMM:History> </rdf:Description> </rdf:RDF> </x:xmpmeta>                                                                                                                                                                                                                                                                                                                                                                                                                                                                                                                                                                                                                                                                                                                                                                                                                                                                                                                                                                                                                                                                                                                                                                                                                                                                                                                                                                                                                                                                                                                                                                                                                                                                                                                                                                                                                                                                                                                                                                                                                                                                                                                                 <?xpacket end=\"w\"?>\0Adobe\0d\0\0\0\0\0\0		\n\n\n\n\r\r\0\0\0\0\0#\0\0\0\0\0\0\0\0\0\0\0\0	\n\0\0\0\0\0\0\0\0\0	\n\0s\0!1AQa\"q2B#R3b$r%C4Scs5D\'6Tdt&	\nEFVU(\Zeufv7GWgw8HXhx)9IYiy*:JZjz\0m\0!1AQa\"q2#BRbr3$4CS%cs5DT	\n&6E\Z\'dtU7()󄔤euFVfvGWgw8HXhx9IYiy*:JZjz\0\0\0?\0Pxe.*b*W}_]{b_]lUށ8﫟ث|*b*>>_W[O*؄b+oثW_wW}_kUUPb><1KП^Hb}!!!*OoOw튻[V?lUޖ*-z~ثbp]oW+qU긪สA[1WpUO\nWzC5UDb^Է]Wzx<Uޞ*L⫽3V3ኮWz~ث?lUޟ*OkVg[xUqC⫩[\\v*(wU8ኻ*ק>ښqWz8lUw1Wzثko튪}[oتb?v*犯bqW}WثTSFZ֞تZbm튬6ءo튵bU(\\<R튯BGw튮qVUގ*G뾖\\ߢ|1VlUrbUmUV#iU֗!፭7/lmiwԇ6{ckMKZ]/lmiP8o#kki<Jm(=6~%h&֖}Wث1Vſ*mUo튯{b_]{b_]l6ckNF֟~\\ֿ\\ +-֕~+joኯ[?lV)\042(>UlUW*j]M4cuu21ik=Ѩ,䨡>A#~A`\"&Acy*~[[n\ryw_[#6$RlWBE*2Zo4\r;Z{ckJF\n)oսZkUC\\{bثbUxb1Uކ*ߡKUކޞZz*cUU]\"ȥ*83JxNDi-\'^-?ANku}Uu3> Wef*A*Mq\'.=8e1$I4գ\ZVpRh\rY8$?9s\0\0RFECMu){cjSyu>bY?[Gڭ:V?l/\Z]7@$P7OeiɫW\"*E˩z@O_%?u+d{6&PT\rW\nkQiDafECz^qIɐ!*0 [,4BHx`,ēxe@\Z9PFVJoI銨RhVC^\\#W[ኮ	V<UwZ2)r+qUE\\UYb\"F)oM!#5ڃ\nCͳ_jVVR;Ry%bkY1vd.|ٹr/\0Em~Nuaq)7hl9\"mY,֫\0i.VV{yzXLB$^4.@O5~~<mx[HNx]C:[-{)	m}q\'\npjs=+)&RX\0F\0uȢڲ0^ܬr:dZ))˗;VW6i\n0ح+̂	ˇhg7n?Y2>/Ȅ \rO}O9q\"lㅮ]2arG;+5.!\0Hiʜ	͖N,o:~V$u{y>̱\'(J5Q1bxP]k*0t8UUUثtZxWDKQNùK{gb~8Uxjzz\Z*<46ݱ+SxI55i5\0`y,)${dGD\n!;yo5ݤ	gc+1_)mAw,_[^5A4(Y*867׭t]B	-7?Nl^ZH4)풶<ZS$ҭ8:\\ 9!pUHv;8/$5k=J#^?hX\0i~m67EvLۊqaȭ<[QN욉)ޒ{uSKJ8YF-jM5?[VZu5FFN,πŴI/u;Q^=ƃvLf.~:=9=H͖Nh-|\ZVC+@Xɽ;Z<U9%v*PF*ouqW떱^`J.5ToQf3<TF0*Roc&8sSXqcb¼K}6ζOuS?|JOS۝};\'8.tk6򆏬h\Zi_(Q8ŕ:l@N\01i);=o<^f){clXߝ?0As$GS!^Jr\0(J\'<$a\0A%F4M&o~nQn#*ȿwW\0v~\r)/3%\0R!\0#ZCE\Z*Iݧm&~Qn6W>䔜V?̋IO4&J?|\'W\'Yׅ8qOuzQ)\n6q\0qq%\0n፯\nii+mlWG:k?v&\\!8O˟(\\-4?G\noebl8kȢCt1$2Lzq>*E]%[$#ap%hLqUV;mTReVZUܱWr_˖^y[UF0 bqBKqK,P^R1\0yUYomJ(]$ \\*> I&u \ZVg^k%QQ5XWZNK7tyw퐿&SɾX[{1a-mmH\r%5ł] \\_Vׄw,>)Y{Ej,Ґi)}r8U{4FR}W\r\n?*.c*֟,\ny$=\0WG}2UEjP\02LUpGž㊩	NqUX+\0vUo/J/uxZq5Sv\'p5N[Mg!%PJH[G:*,duF**XUjk@ت\"<Qqb?i8;\nhfrV\0]*GPG-H7Vƕ	>ܬ|qwPw	H_J[>}D\02(B6lSKo.\\՛,X:f2H?7\0kU9%?H\"В孯ky =}?͊2HV)ui#e*pRxo-d4Z\ZR;bSb؂QJLR^\0)*B\"^RҭW~p򕤔,{\0<Ju%鏮嵆YB<JM+˺vHu,gL\r=I=B&)7W|曟6Gee6V8bk\"OU./61WZ݅dQIjd|	QlbqVWaW\0lUdRW˟󔚦~b[i$H Fyy)lA)8B\n{\rR#qZZ@9n|vj0ض+\0b^6+\nkLl*\\_I§⨘6*h0Rm}cNT#4\0l-&\rn+QƸxY6B֭ŌȠ\\[;$©Eݬֳ43nGMUg4%!Z<aDO_Lr\0*3#u֋.K2u,aĉg>/N9,͓	_Zo&a8m2[Fct#2`m~4uy[d@IP3S\0=1Ryk~F%<o{m5:1U\n}d_0?-41zǗs׏7O_`ˉM\0:+qo0loߧ+!,ߘ&Agowu<I4or&rj`y.}2b3\\rL@I#9?\nL/ؗjy	Aֽ=@i2;[o\noݽA0R-OVTn{5̒It{vJޟ\n_6ƖW|y:m^#Ddk\0g\"V%$=\'|iH`V6891<D\"|_b8QjXkDZ^hhǆE.Dwl劵v*\0ﾟXpV!\\UDoojݧm&n;ѕ%x\nns^?kKiwE%f Xґ/ݲ2a}!k5HdKCa}lPIa8OT0U-sI \nӮ<UR9O߅R6y4Mkʣ`z\0*C?Zơ3ل3g#!>,ux\rAܩ&GT?}ٗO_Tjn\rykZ{ѿҡ!J)sRK(Ӆq?>a(˫k/7qDEJƪH|mZO!k+-VB7[9\0&tĥ\'_.-;;?qć.˚rjW:gHMʵioy)\0ZlJ\0H[cX=Jb\"I?oqoA/iL\nkWv7(OS,^AM/Qt#D!u>f\0u	\'L:dmWKw2h-\nA\0W[-s_ڊ[4PQ~/bP,FtndI	ߍXQ{oP\nTڏ\n8GΞ\"ʥȖAUD⮮*v*\0GB*踫?#+MCHѮNku<!d	L8bq/[H 2QRG#͕\\U>2+s$1ӼǦYŠ[	x+&ZJ/\08o/\\A}fF~-=3Dеd,waqJ?S[z7ե=J\n\ZTs`\0\r}0?%u-41*\r~ZLR	hb1>!2\"{Tn2$\Z%p}1gNaiT\'9 ~VyDգj1,yݹ#%}p0e`T\rA\"UDb$NmL+LUPi<CTbddt<PA}8ֹ^\0*ڊWZX!$%qU`jbinLUG\n\0R`fVpWWi~[#7XӢb{]cLKHCP\r7vd<l|ϩF]\ZZz/\'ݲFT 1NZZd=@	:d^<RbZqWzgo_}M\r⭌U`:|W}^KydJ\nS>kԾ$]˧A(p\0;}DWא)X<G|M:oǯ=b\n^fP2zd6f,*{e^[dZO޻\0$͘s~b\"](>R\07>?6kqnZoZ!F\'u:^ҋ\"2biFV<[lRGmu ua^HZ/َ\"+]̌\'voNHdf\"K$_\Z>qp}kQY^ޜJ/u/-O-ʬP;U_??MyFfs%֘~(\'(zN|k֋&r\nW&)e^⩔SOqR&s늰x| cկv45͏ɬ<!bV.\n\0?˿3mozK$=e7YJqo>V|af} VDxZ^($_۔exF#m<=˰D-K<?gTf/CHҠQ8B\"\0\'Xj5dPpA_ɯ9IzIWĪli˿OXXi<T0z*ݑdR*81Wq_o,\Z1W4\ZS1WS\\Fui_JkL}3$PP!Q4qG~b*[R8f(h>g*WkMm4)oB>*|F7,*_y曆\0=U^_a~U5BК6Z\r2W̠RF\r~6G6/4}kSIINXTsKx-(yy\"@iԍNl+\"yZ3Vڦ34CzF1Tu߱^o^:\n\\IM\Zn,i5򊿱VyM鶾{I5HY8d~Q$mF e=?$uG_,qU=G\Z\\^]jR\Zw<Ncmf4oJ,qUM{\\OPN;C@z.|2k\ZUjG5H]E\0Qz\03rȕIcr&ż$=z1Wcu4hIi\nڴAߡo\ZVi/ڝPzle\"1?ʒf\0l;LT-,Coq4@ld@zR1㊻*,UX=hkVUMϮ*[G7QXL.PV5qqbtSJ\r*Us$A`TPPNUj>V?اъPa+U1/,/.\"nKG7fMVz㊢$$5+]2<9i}8*تGLF{ZU}jJ\0]]#)}fn$~</1Vè.-ս1zH*ȞE٪>,`0]?l,S_4Wi׊ݿ\\xcΚd塆h:Fd]d6=0n9\'(b.c[:2҉ZJ)Uqg/b|\049	-\rjv^_~l%,I%hȕS\"QFCT̸ұwb*2\0*6snCB&\ZC Mq&w?$_ҽTE$d_|GㅊmOCdV]<F*\0Y9:cnƖ|imi\Z[S3{Kk	8dmFX\"~1JOV嘤q[aZ\00-k4ƫBTi 2[Kqj5;r 5\"f5Y>ڢMlu(F\"\'}BB\ZBʧeno;+SaԼŞ}BȎ69/;>IXv)\\H[2@mXF\'LU \Z),IN<kJR^Ad[4aSD??ҼZ?ݪ} m4MFݍ(7݋%m^FEcҧZp_cJdNɡ]5Oy}[O\ZOV8g#\n[E%׾4\Z[k^۾-?Y>9s[|qW}dZǾ*{MǾhϊi*oKc\\\nƵo.ʊ*9y#P:2.-HS\'~,&%j	wX!X>UCoJk_U\ZӴ5]BIdH:<4,kʣdY%jywa\r	H&W\0/~jOMY\ZdZJcT88V]=E*D˒chms+V^Vna[d6Mv@8M?GkbEg*AiZ5\'Cڰ#\n﬜V׾}k}kYڝ|UZ]|UY]|UϾ*}cZgVk|U5S#LkߕU\'i17ښQj|/ϖ4Ů$t<\0Td0-~UF&OSKkO\Z[W=>\'im2b\Z[M-jmk`[yz?`b:l	**Bb(Ͼ*{l]㊵ԗk/jwֽUYW}kwֽUYW}k[|Ub}dxU{Ǿ*׬<qUTnU\"~ڡ꫊T_MUT\0GAO݊[SUPZኯኯ<1B#\\xo]⫽|P=W}cw=W}c[\'>^***b*b~oyyU߼]UتߏwǊ[*b*b*b*(wqW~ky'),(7,'Nissan Qashqai',120.00,'cExif\0\0MM\0*\0\0\0\0\0\0\0\0\0\0\0\0\0\0\0\0\0\0\0\0\0\0\0\0\0\0\0\0\0\0\0\0\0\0\0\0\0\0\0\0\0\0\0\0\0\0\Z\0\0\0\0\0\0\0\0\0\0\0\0\0\0(\0\0\0\0\0\0\01\0\0\0\0\"\0\0\02\0\0\0\0\0\0\0ևi\0\0\0\0\0\0\0\0\0$\0\0\0\0\n\0\0\'\0\n\0\0\'Adobe Photoshop CC 2014 (Windows)\02016:01:11 01:52:07\0\0\0\0\0\0\0\0\00221\0\0\0\0\0\0\0\0\0\0\0\0\0\0\0\0\0\0\0\0\0\0\0\0\0\0\0\0\0\0\0\0\0\Z\0\0\0\0\0\0r\0\0\0\0\0\0z(\0\0\0\0\0\0\0\0\0\0\0\0\0\0\0\0\0\0\0\0\0\0\0\0\0\0H\0\0\0\0\0\0H\0\0\0\0Adobe_CM\0\0Adobe\0d\0\0\0\0\0			\n\r\r\r\0\0i\0\"\0\0\0\n?\0\0\0\0\0\0\0\0\0\0	\n\0\0\0\0\0\0\0\0\0	\n\03\0!1AQa\"q2B#$Rb34rC%Scs5&DTdE£t6UeuF\'Vfv7GWgw\05\0!1AQaq\"2B#R3$brCScs4%&5DTdEU6teuFVfv\'7GWgw\0\0\0?\08K\nbmEoC/AY؟bJk\nBD|LJkz!?L锔BoD+^H|SS	z!Y5JJ@*\nb SSS \n@$^MxJS_	ZږT\0}$VcHT<LPT7AVs)R\'Fhf!AwQk~!~Ok}KT?y\'nŎz%d8UvmQwNw\01QEoö6?P?c.pewq\r`\'Eh;!;,>Eu80e.uӉ=g1V1	mf,hY`kwg#E5Br+Q3HS)*B>IA%SPRS*ǂJJ1TB#Hƅ:q,42658NPӢ\0[FˌaomX][}\"2\'ҿW4*oḵnĶyzmy\'t\r\0588+6`\r7I\\lnmIZ/\r8^\0]MKJG&`:?߽o5xݨPt~\0C:c;ǱcD3qwhiߤf{Ӭ`O-{]2Z~i-5Lj`\Zꣁ[1ʫpǙ>\08g}GE\0А?EGwbQ_po}C%h/Ssuvcq\0_zc@sN֙c	,-V=>+\03=޷Vg\"׎?wjVO_\0i䌆@҄H.9˯NW\0\0ݬv\0KM_ΫMwW`c1z Ve!ֵ03(shsmls\0M!{#ZmctOI+SZ76RAJRSEa@\0)gN#uVgj_duDK^_2J?Ƙ~E:UFMSiw}OwtVeY[n\0j\n/H<i	.א@ݮ\0C}s\\֎\"@\0*ȡæTԯoIǻ90v܃w4\0h@Venŵ.s\0%\\\'[_;iG7\0Sfc1+uֹϦ/Nw{N\'Ӵ]YMUgxSЃv׷kc\0I_V.w#ߍv_jAV@ϲSeV~Ϯ}:kz/N\Z]u#_ȈAp\\!U{idSYs}\rU9lO5Wֲٍ-m/}8=Oq,msgR\rufc}O]ٳJo\Z/p027C{r\0YwVֱ.y\0}Um55>K؉gHt6gN\'&UN@om>\0K)/duVeu<z[m.s,nFdT{@s*x?ioc}?WzⱰN	ۆF=VX3ys`5>̫n3Wkޜs0~(VVYf^M=ݵ߳J{dc-Ѹ6H\rk\\]c&Ҿ2\\D.ҪCkZ@2yEO_L)5%1xNC\\<kY6_[\\gv)o=?1pTuj:^Q؎c}!չqm\"=oRϧC}bl8/l@ i3Ag^7Mos\rnk9Z-si\0ҺSF>[LH{@n{s1z@0)o\0oz[1:UX6bWc{%}7fNfSj$ckۧg*nK쮆ww{^mЎC>ϱ\Zknv5m[m;=/γ;,~9ĵK\r{vkjWP˻CqwUkX\'_,z]C\"DV{z^]|=v9=ۃ^ڝgʞ*Ǳv$O}M9\rhgikfE0\\SZ[EV7ɷX\0^԰ܪl7X.cfju1S!iIO3Z\Z2t#QϤh*crӲki9\0#m$7_M4Ɋ驺cڨ׺vWL2,~;ۜ6L߰?ḀF,\0WX\0,Iu6ֲ:<7VٗF5B	 QI.ٷ.yV}W7հ5\0L]1rzKK\0mQg0K}7!i>eM}nkngvX?:c.͕SzwTe`sZ,kMlku\'[v7ߥm{I\'oEA%JRS<Rw<G}\"ۖ9u\n?\Zn4\04Vd}^x;@X]G\0j{]Jotk\0U<jqc$5+Fݶ\04\0e~{~r=SRce4%ͱ-}h:NG159$o~-ԊN}6\0hw׮KdхM=v.&]Yvc\\ƶKml`k-gfokev35y\0Aao%6d5GKGc}euzmP]S)kiwV{_bpIDfdTx͗[\n\0V}.+\0WG>(g[Z<@t}	؏kߍUփ\"ۘZ5]cێ*Ux}JZĝ4jSMu.\0sTuFFiRB_hUR-m/*$<TSkMY$LJf%V\"I%zVΝ>($͢\Z\Z8PL\nI).O목$׬UIOPhotoshop 3.0\08BIM\0\0\0\0\0Z\0%G\0\0s\0\08BIM%\0\0\0\0\0?3k\"XeF>8BIM:\0\0\0\0\0\0\0\0\0\0\0\0\0\0\0\0printOutput\0\0\0\0\0\0\0PstSbool\0\0\0\0Inteenum\0\0\0\0Inte\0\0\0\0Clrm\0\0\0printSixteenBitbool\0\0\0\0printerNameTEXT\0\0\0\0\0\0\0\0printProofSetupObjc\0\0\0\0P\0r\0o\0o\0f\0 \0S\0e\0t\0u\0p\0\0\0\0\0\nproofSetup\0\0\0\0\0\0\0Bltnenum\0\0\0builtinProof\0\0\0	proofCMYK\08BIM;\0\0\0\0-\0\0\0\0\0\0\0\0\0\0\0printOutputOptions\0\0\0\0\0\0\0Cptnbool\0\0\0\0\0Clbrbool\0\0\0\0\0RgsMbool\0\0\0\0\0CrnCbool\0\0\0\0\0CntCbool\0\0\0\0\0Lblsbool\0\0\0\0\0Ngtvbool\0\0\0\0\0EmlDbool\0\0\0\0\0Intrbool\0\0\0\0\0BckgObjc\0\0\0\0\0\0\0\0\0RGBC\0\0\0\0\0\0\0Rd  doub@o\0\0\0\0\0\0\0\0\0Grn doub@o\0\0\0\0\0\0\0\0\0Bl  doub@o\0\0\0\0\0\0\0\0\0BrdTUntF#Rlt\0\0\0\0\0\0\0\0\0\0\0\0Bld UntF#Rlt\0\0\0\0\0\0\0\0\0\0\0\0RsltUntF#Pxl@R\0\0\0\0\0\0\0\0\0\nvectorDatabool\0\0\0\0PgPsenum\0\0\0\0PgPs\0\0\0\0PgPC\0\0\0\0LeftUntF#Rlt\0\0\0\0\0\0\0\0\0\0\0\0Top UntF#Rlt\0\0\0\0\0\0\0\0\0\0\0\0Scl UntF#Prc@Y\0\0\0\0\0\0\0\0\0cropWhenPrintingbool\0\0\0\0cropRectBottomlong\0\0\0\0\0\0\0cropRectLeftlong\0\0\0\0\0\0\0\rcropRectRightlong\0\0\0\0\0\0\0cropRectToplong\0\0\0\0\08BIM\0\0\0\0\0\0H\0\0\0\0\0H\0\0\0\08BIM&\0\0\0\0\0\0\0\0\0\0\0\0\0\0\0?\0\08BIM\r\0\0\0\0\0\0\0\08BIM\0\0\0\0\0\0\0\08BIM\0\0\0\0\0	\0\0\0\0\0\0\0\0\08BIM\'\0\0\0\0\0\n\0\0\0\0\0\0\0\08BIM\0\0\0\0\0H\0/ff\0\0lff\0\0\0\0\0\0\0/ff\0\0\0\0\0\0\0\0\02\0\0\0\0Z\0\0\0\0\0\0\0\0\05\0\0\0\0-\0\0\0\0\0\0\0\08BIM\0\0\0\0\0p\0\0\0\0\0\0\0\0\0\0\0\0\0\0\0\08BIM\0\0\0\0\0\0\0\0\0\0@\0\0@\0\0\0\08BIM\0\0\0\0\0\0\0\0\08BIM\Z\0\0\0\0A\0\0\0\0\0\0\0\0\0\0\0\0\0\0\0\0\0\0\0\0n\0i\0s\0s\0a\0n\0\0\0\0\0\0\0\0\0\0\0\0\0\0\0\0\0\0\0\0\0\0\0\0\0\0\0\0\0\0\0\0\0\0\0\0\0\0\0\0\0\0\0\0\0\0\0\0\0\0\0\0\0\0\0\0\0\0\0\0\0\0\0\0\0\0\0\0\0\0\0\0\0\0\0\0\0\0\0null\0\0\0\0\0\0boundsObjc\0\0\0\0\0\0\0\0\0Rct1\0\0\0\0\0\0\0Top long\0\0\0\0\0\0\0\0Leftlong\0\0\0\0\0\0\0\0Btomlong\0\0\0\0\0\0\0Rghtlong\0\0\0\0\0slicesVlLs\0\0\0Objc\0\0\0\0\0\0\0\0slice\0\0\0\0\0\0sliceIDlong\0\0\0\0\0\0\0groupIDlong\0\0\0\0\0\0\0originenum\0\0\0ESliceOrigin\0\0\0\rautoGenerated\0\0\0\0Typeenum\0\0\0\nESliceType\0\0\0\0Img \0\0\0boundsObjc\0\0\0\0\0\0\0\0\0Rct1\0\0\0\0\0\0\0Top long\0\0\0\0\0\0\0\0Leftlong\0\0\0\0\0\0\0\0Btomlong\0\0\0\0\0\0\0Rghtlong\0\0\0\0\0urlTEXT\0\0\0\0\0\0\0\0\0nullTEXT\0\0\0\0\0\0\0\0\0MsgeTEXT\0\0\0\0\0\0\0\0altTagTEXT\0\0\0\0\0\0\0\0cellTextIsHTMLbool\0\0\0cellTextTEXT\0\0\0\0\0\0\0\0	horzAlignenum\0\0\0ESliceHorzAlign\0\0\0default\0\0\0	vertAlignenum\0\0\0ESliceVertAlign\0\0\0default\0\0\0bgColorTypeenum\0\0\0ESliceBGColorType\0\0\0\0None\0\0\0	topOutsetlong\0\0\0\0\0\0\0\nleftOutsetlong\0\0\0\0\0\0\0bottomOutsetlong\0\0\0\0\0\0\0rightOutsetlong\0\0\0\0\08BIM(\0\0\0\0\0\0\0\0?\0\0\0\0\0\08BIM\0\0\0\0\0\08BIM\0\0\0\0\0\0\0\08BIM\0\0\0\0\0\0\0\0\0\0\0\0\0i\0\0\0\0\0\0\0\0\0Adobe_CM\0\0Adobe\0d\0\0\0\0\0			\n\r\r\r\0\0i\0\"\0\0\0\n?\0\0\0\0\0\0\0\0\0\0	\n\0\0\0\0\0\0\0\0\0	\n\03\0!1AQa\"q2B#$Rb34rC%Scs5&DTdE£t6UeuF\'Vfv7GWgw\05\0!1AQaq\"2B#R3$brCScs4%&5DTdEU6teuFVfv\'7GWgw\0\0\0?\08K\nbmEoC/AY؟bJk\nBD|LJkz!?L锔BoD+^H|SS	z!Y5JJ@*\nb SSS \n@$^MxJS_	ZږT\0}$VcHT<LPT7AVs)R\'Fhf!AwQk~!~Ok}KT?y\'nŎz%d8UvmQwNw\01QEoö6?P?c.pewq\r`\'Eh;!;,>Eu80e.uӉ=g1V1	mf,hY`kwg#E5Br+Q3HS)*B>IA%SPRS*ǂJJ1TB#Hƅ:q,42658NPӢ\0[FˌaomX][}\"2\'ҿW4*oḵnĶyzmy\'t\r\0588+6`\r7I\\lnmIZ/\r8^\0]MKJG&`:?߽o5xݨPt~\0C:c;ǱcD3qwhiߤf{Ӭ`O-{]2Z~i-5Lj`\Zꣁ[1ʫpǙ>\08g}GE\0А?EGwbQ_po}C%h/Ssuvcq\0_zc@sN֙c	,-V=>+\03=޷Vg\"׎?wjVO_\0i䌆@҄H.9˯NW\0\0ݬv\0KM_ΫMwW`c1z Ve!ֵ03(shsmls\0M!{#ZmctOI+SZ76RAJRSEa@\0)gN#uVgj_duDK^_2J?Ƙ~E:UFMSiw}OwtVeY[n\0j\n/H<i	.א@ݮ\0C}s\\֎\"@\0*ȡæTԯoIǻ90v܃w4\0h@Venŵ.s\0%\\\'[_;iG7\0Sfc1+uֹϦ/Nw{N\'Ӵ]YMUgxSЃv׷kc\0I_V.w#ߍv_jAV@ϲSeV~Ϯ}:kz/N\Z]u#_ȈAp\\!U{idSYs}\rU9lO5Wֲٍ-m/}8=Oq,msgR\rufc}O]ٳJo\Z/p027C{r\0YwVֱ.y\0}Um55>K؉gHt6gN\'&UN@om>\0K)/duVeu<z[m.s,nFdT{@s*x?ioc}?WzⱰN	ۆF=VX3ys`5>̫n3Wkޜs0~(VVYf^M=ݵ߳J{dc-Ѹ6H\rk\\]c&Ҿ2\\D.ҪCkZ@2yEO_L)5%1xNC\\<kY6_[\\gv)o=?1pTuj:^Q؎c}!չqm\"=oRϧC}bl8/l@ i3Ag^7Mos\rnk9Z-si\0ҺSF>[LH{@n{s1z@0)o\0oz[1:UX6bWc{%}7fNfSj$ckۧg*nK쮆ww{^mЎC>ϱ\Zknv5m[m;=/γ;,~9ĵK\r{vkjWP˻CqwUkX\'_,z]C\"DV{z^]|=v9=ۃ^ڝgʞ*Ǳv$O}M9\rhgikfE0\\SZ[EV7ɷX\0^԰ܪl7X.cfju1S!iIO3Z\Z2t#QϤh*crӲki9\0#m$7_M4Ɋ驺cڨ׺vWL2,~;ۜ6L߰?ḀF,\0WX\0,Iu6ֲ:<7VٗF5B	 QI.ٷ.yV}W7հ5\0L]1rzKK\0mQg0K}7!i>eM}nkngvX?:c.͕SzwTe`sZ,kMlku\'[v7ߥm{I\'oEA%JRS<Rw<G}\"ۖ9u\n?\Zn4\04Vd}^x;@X]G\0j{]Jotk\0U<jqc$5+Fݶ\04\0e~{~r=SRce4%ͱ-}h:NG159$o~-ԊN}6\0hw׮KdхM=v.&]Yvc\\ƶKml`k-gfokev35y\0Aao%6d5GKGc}euzmP]S)kiwV{_bpIDfdTx͗[\n\0V}.+\0WG>(g[Z<@t}	؏kߍUփ\"ۘZ5]cێ*Ux}JZĝ4jSMu.\0sTuFFiRB_hUR-m/*$<TSkMY$LJf%V\"I%zVΝ>($͢\Z\Z8PL\nI).O목$׬UIO\08BIM!\0\0\0\0\0]\0\0\0\0\0\0\0A\0d\0o\0b\0e\0 \0P\0h\0o\0t\0o\0s\0h\0o\0p\0\0\0\0A\0d\0o\0b\0e\0 \0P\0h\0o\0t\0o\0s\0h\0o\0p\0 \0C\0C\0 \02\00\01\04\0\0\0\08BIM\0\0\0\0\0\0\0\0\0\0http://ns.adobe.com/xap/1.0/\0<?xpacket begin=\"﻿\" id=\"W5M0MpCehiHzreSzNTczkc9d\"?> <x:xmpmeta xmlns:x=\"adobe:ns:meta/\" x:xmptk=\"Adobe XMP Core 5.5-c021 79.155772, 2014/01/13-19:44:00        \"> <rdf:RDF xmlns:rdf=\"http://www.w3.org/1999/02/22-rdf-syntax-ns#\"> <rdf:Description rdf:about=\"\" xmlns:xmpMM=\"http://ns.adobe.com/xap/1.0/mm/\" xmlns:stEvt=\"http://ns.adobe.com/xap/1.0/sType/ResourceEvent#\" xmlns:dc=\"http://purl.org/dc/elements/1.1/\" xmlns:photoshop=\"http://ns.adobe.com/photoshop/1.0/\" xmlns:xmp=\"http://ns.adobe.com/xap/1.0/\" xmpMM:DocumentID=\"F1C8DF936E23926E555B6CF4CA6770CD\" xmpMM:InstanceID=\"xmp.iid:9581f4a7-e4c2-9049-883c-a3e79e85335c\" xmpMM:OriginalDocumentID=\"F1C8DF936E23926E555B6CF4CA6770CD\" dc:format=\"image/jpeg\" photoshop:ColorMode=\"3\" xmp:CreateDate=\"2016-01-11T01:50+02:00\" xmp:ModifyDate=\"2016-01-11T01:52:07+02:00\" xmp:MetadataDate=\"2016-01-11T01:52:07+02:00\"> <xmpMM:History> <rdf:Seq> <rdf:li stEvt:action=\"saved\" stEvt:instanceID=\"xmp.iid:9581f4a7-e4c2-9049-883c-a3e79e85335c\" stEvt:when=\"2016-01-11T01:52:07+02:00\" stEvt:softwareAgent=\"Adobe Photoshop CC 2014 (Windows)\" stEvt:changed=\"/\"/> </rdf:Seq> </xmpMM:History> </rdf:Description> </rdf:RDF> </x:xmpmeta>                                                                                                                                                                                                                                                                                                                                                                                                                                                                                                                                                                                                                                                                                                                                                                                                                                                                                                                                                                                                                                                                                                                                                                                                                                                                                                                                                                                                                                                                                                                                                                                                                                                                                                                                                                                                                                                                                                                                                                                                                                                                                                                                 <?xpacket end=\"w\"?>\0Adobe\0d\0\0\0\0\0\0		\n\n\n\n\r\r\0\0\0\0\0#\0\0\0\0\0\0\0\0\0\0\0\0	\n\0\0\0\0\0\0\0\0\0	\n\0s\0!1AQa\"q2B#R3b$r%C4Scs5D\'6Tdt&	\nEFVU(\Zeufv7GWgw8HXhx)9IYiy*:JZjz\0m\0!1AQa\"q2#BRbr3$4CS%cs5DT	\n&6E\Z\'dtU7()󄔤euFVfvGWgw8HXhx9IYiy*:JZjz\0\0\0?\0Pxe.*b*W}_]{b_]lUށ8﫟ث|*b*>>_W[O*؄b+oثW_wW}_kUUPb><1KП^Hb}!!!*OoOw튻[V?lUޖ*-z~ثbp]oW+qU긪สA[1WpUO\nWzC5UDb^Է]Wzx<Uޞ*L⫽3V3ኮWz~ث?lUޟ*OkVg[xUqC⫩[\\v*(wU8ኻ*ק>ښqWz8lUw1Wzثko튪}[oتb?v*犯bqW}WثTSFZ֞تZbm튬6ءo튵bU(\\<R튯BGw튮qVUގ*G뾖\\ߢ|1VlUrbUmUV#iU֗!፭7/lmiwԇ6{ckMKZ]/lmiP8o#kki<Jm(=6~%h&֖}Wث1Vſ*mUo튯{b_]{b_]l6ckNF֟~\\ֿ\\ +-֕~+joኯ[?lV)\042(>UlUW*j]M4cuu21ik=Ѩ,䨡>A#~A`\"&Acy*~[[n\ryw_[#6$RlWBE*2Zo4\r;Z{ckJF\n)oսZkUC\\{bثbUxb1Uކ*ߡKUކޞZz*cUU]\"ȥ*83JxNDi-\'^-?ANku}Uu3> Wef*A*Mq\'.=8e1$I4գ\ZVpRh\rY8$?9s\0\0RFECMu){cjSyu>bY?[Gڭ:V?l/\Z]7@$P7OeiɫW\"*E˩z@O_%?u+d{6&PT\rW\nkQiDafECz^qIɐ!*0 [,4BHx`,ēxe@\Z9PFVJoI銨RhVC^\\#W[ኮ	V<UwZ2)r+qUE\\UYb\"F)oM!#5ڃ\nCͳ_jVVR;Ry%bkY1vd.|ٹr/\0Em~Nuaq)7hl9\"mY,֫\0i.VV{yzXLB$^4.@O5~~<mx[HNx]C:[-{)	m}q\'\npjs=+)&RX\0F\0uȢڲ0^ܬr:dZ))˗;VW6i\n0ح+̂	ˇhg7n?Y2>/Ȅ \rO}O9q\"lㅮ]2arG;+5.!\0Hiʜ	͖N,o:~V$u{y>̱\'(J5Q1bxP]k*0t8UUUثtZxWDKQNùK{gb~8Uxjzz\Z*<46ݱ+SxI55i5\0`y,)${dGD\n!;yo5ݤ	gc+1_)mAw,_[^5A4(Y*867׭t]B	-7?Nl^ZH4)풶<ZS$ҭ8:\\ 9!pUHv;8/$5k=J#^?hX\0i~m67EvLۊqaȭ<[QN욉)ޒ{uSKJ8YF-jM5?[VZu5FFN,πŴI/u;Q^=ƃvLf.~:=9=H͖Nh-|\ZVC+@Xɽ;Z<U9%v*PF*ouqW떱^`J.5ToQf3<TF0*Roc&8sSXqcb¼K}6ζOuS?|JOS۝};\'8.tk6򆏬h\Zi_(Q8ŕ:l@N\01i);=o<^f){clXߝ?0As$GS!^Jr\0(J\'<$a\0A%F4M&o~nQn#*ȿwW\0v~\r)/3%\0R!\0#ZCE\Z*Iݧm&~Qn6W>䔜V?̋IO4&J?|\'W\'Yׅ8qOuzQ)\n6q\0qq%\0n፯\nii+mlWG:k?v&\\!8O˟(\\-4?G\noebl8kȢCt1$2Lzq>*E]%[$#ap%hLqUV;mTReVZUܱWr_˖^y[UF0 bqBKqK,P^R1\0yUYomJ(]$ \\*> I&u \ZVg^k%QQ5XWZNK7tyw퐿&SɾX[{1a-mmH\r%5ł] \\_Vׄw,>)Y{Ej,Ґi)}r8U{4FR}W\r\n?*.c*֟,\ny$=\0WG}2UEjP\02LUpGž㊩	NqUX+\0vUo/J/uxZq5Sv\'p5N[Mg!%PJH[G:*,duF**XUjk@ت\"<Qqb?i8;\nhfrV\0]*GPG-H7Vƕ	>ܬ|qwPw	H_J[>}D\02(B6lSKo.\\՛,X:f2H?7\0kU9%?H\"В孯ky =}?͊2HV)ui#e*pRxo-d4Z\ZR;bSb؂QJLR^\0)*B\"^RҭW~p򕤔,{\0<Ju%鏮嵆YB<JM+˺vHu,gL\r=I=B&)7W|曟6Gee6V8bk\"OU./61WZ݅dQIjd|	QlbqVWaW\0lUdRW˟󔚦~b[i$H Fyy)lA)8B\n{\rR#qZZ@9n|vj0ض+\0b^6+\nkLl*\\_I§⨘6*h0Rm}cNT#4\0l-&\rn+QƸxY6B֭ŌȠ\\[;$©Eݬֳ43nGMUg4%!Z<aDO_Lr\0*3#u֋.K2u,aĉg>/N9,͓	_Zo&a8m2[Fct#2`m~4uy[d@IP3S\0=1Ryk~F%<o{m5:1U\n}d_0?-41zǗs׏7O_`ˉM\0:+qo0loߧ+!,ߘ&Agowu<I4or&rj`y.}2b3\\rL@I#9?\nL/ؗjy	Aֽ=@i2;[o\noݽA0R-OVTn{5̒It{vJޟ\n_6ƖW|y:m^#Ddk\0g\"V%$=\'|iH`V6891<D\"|_b8QjXkDZ^hhǆE.Dwl劵v*\0ﾟXpV!\\UDoojݧm&n;ѕ%x\nns^?kKiwE%f Xґ/ݲ2a}!k5HdKCa}lPIa8OT0U-sI \nӮ<UR9O߅R6y4Mkʣ`z\0*C?Zơ3ل3g#!>,ux\rAܩ&GT?}ٗO_Tjn\rykZ{ѿҡ!J)sRK(Ӆq?>a(˫k/7qDEJƪH|mZO!k+-VB7[9\0&tĥ\'_.-;;?qć.˚rjW:gHMʵioy)\0ZlJ\0H[cX=Jb\"I?oqoA/iL\nkWv7(OS,^AM/Qt#D!u>f\0u	\'L:dmWKw2h-\nA\0W[-s_ڊ[4PQ~/bP,FtndI	ߍXQ{oP\nTڏ\n8GΞ\"ʥȖAUD⮮*v*\0GB*踫?#+MCHѮNku<!d	L8bq/[H 2QRG#͕\\U>2+s$1ӼǦYŠ[	x+&ZJ/\08o/\\A}fF~-=3Dеd,waqJ?S[z7ե=J\n\ZTs`\0\r}0?%u-41*\r~ZLR	hb1>!2\"{Tn2$\Z%p}1gNaiT\'9 ~VyDգj1,yݹ#%}p0e`T\rA\"UDb$NmL+LUPi<CTbddt<PA}8ֹ^\0*ڊWZX!$%qU`jbinLUG\n\0R`fVpWWi~[#7XӢb{]cLKHCP\r7vd<l|ϩF]\ZZz/\'ݲFT 1NZZd=@	:d^<RbZqWzgo_}M\r⭌U`:|W}^KydJ\nS>kԾ$]˧A(p\0;}DWא)X<G|M:oǯ=b\n^fP2zd6f,*{e^[dZO޻\0$͘s~b\"](>R\07>?6kqnZoZ!F\'u:^ҋ\"2biFV<[lRGmu ua^HZ/َ\"+]̌\'voNHdf\"K$_\Z>qp}kQY^ޜJ/u/-O-ʬP;U_??MyFfs%֘~(\'(zN|k֋&r\nW&)e^⩔SOqR&s늰x| cկv45͏ɬ<!bV.\n\0?˿3mozK$=e7YJqo>V|af} VDxZ^($_۔exF#m<=˰D-K<?gTf/CHҠQ8B\"\0\'Xj5dPpA_ɯ9IzIWĪli˿OXXi<T0z*ݑdR*81Wq_o,\Z1W4\ZS1WS\\Fui_JkL}3$PP!Q4qG~b*[R8f(h>g*WkMm4)oB>*|F7,*_y曆\0=U^_a~U5BК6Z\r2W̠RF\r~6G6/4}kSIINXTsKx-(yy\"@iԍNl+\"yZ3Vڦ34CzF1Tu߱^o^:\n\\IM\Zn,i5򊿱VyM鶾{I5HY8d~Q$mF e=?$uG_,qU=G\Z\\^]jR\Zw<Ncmf4oJ,qUM{\\OPN;C@z.|2k\ZUjG5H]E\0Qz\03rȕIcr&ż$=z1Wcu4hIi\nڴAߡo\ZVi/ڝPzle\"1?ʒf\0l;LT-,Coq4@ld@zR1㊻*,UX=hkVUMϮ*[G7QXL.PV5qqbtSJ\r*Us$A`TPPNUj>V?اъPa+U1/,/.\"nKG7fMVz㊢$$5+]2<9i}8*تGLF{ZU}jJ\0]]#)}fn$~</1Vè.-ս1zH*ȞE٪>,`0]?l,S_4Wi׊ݿ\\xcΚd塆h:Fd]d6=0n9\'(b.c[:2҉ZJ)Uqg/b|\049	-\rjv^_~l%,I%hȕS\"QFCT̸ұwb*2\0*6snCB&\ZC Mq&w?$_ҽTE$d_|GㅊmOCdV]<F*\0Y9:cnƖ|imi\Z[S3{Kk	8dmFX\"~1JOV嘤q[aZ\00-k4ƫBTi 2[Kqj5;r 5\"f5Y>ڢMlu(F\"\'}BB\ZBʧeno;+SaԼŞ}BȎ69/;>IXv)\\H[2@mXF\'LU \Z),IN<kJR^Ad[4aSD??ҼZ?ݪ} m4MFݍ(7݋%m^FEcҧZp_cJdNɡ]5Oy}[O\ZOV8g#\n[E%׾4\Z[k^۾-?Y>9s[|qW}dZǾ*{MǾhϊi*oKc\\\nƵo.ʊ*9y#P:2.-HS\'~,&%j	wX!X>UCoJk_U\ZӴ5]BIdH:<4,kʣdY%jywa\r	H&W\0/~jOMY\ZdZJcT88V]=E*D˒chms+V^Vna[d6Mv@8M?GkbEg*AiZ5\'Cڰ#\n﬜V׾}k}kYڝ|UZ]|UY]|UϾ*}cZgVk|U5S#LkߕU\'i17ښQj|/ϖ4Ů$t<\0Td0-~UF&OSKkO\Z[W=>\'im2b\Z[M-jmk`[yz?`b:l	**Bb(Ͼ*{l]㊵ԗk/jwֽUYW}kwֽUYW}k[|Ub}dxU{Ǿ*׬<qUTnU\"~ڡ꫊T_MUT\0GAO݊[SUPZኯኯ<1B#\\xo]⫽|P=W}cw=W}c[\'>^***b*b~oyyU߼]UتߏwǊ[*b*b*b*(wqW~ky'),(8,'Nissan Qashqai',110.00,'cExif\0\0MM\0*\0\0\0\0\0\0\0\0\0\0\0\0\0\0\0\0\0\0\0\0\0\0\0\0\0\0\0\0\0\0\0\0\0\0\0\0\0\0\0\0\0\0\0\0\0\0\Z\0\0\0\0\0\0\0\0\0\0\0\0\0\0(\0\0\0\0\0\0\01\0\0\0\0\"\0\0\02\0\0\0\0\0\0\0ևi\0\0\0\0\0\0\0\0\0$\0\0\0\0\n\0\0\'\0\n\0\0\'Adobe Photoshop CC 2014 (Windows)\02016:01:11 01:52:07\0\0\0\0\0\0\0\0\00221\0\0\0\0\0\0\0\0\0\0\0\0\0\0\0\0\0\0\0\0\0\0\0\0\0\0\0\0\0\0\0\0\0\Z\0\0\0\0\0\0r\0\0\0\0\0\0z(\0\0\0\0\0\0\0\0\0\0\0\0\0\0\0\0\0\0\0\0\0\0\0\0\0\0H\0\0\0\0\0\0H\0\0\0\0Adobe_CM\0\0Adobe\0d\0\0\0\0\0			\n\r\r\r\0\0i\0\"\0\0\0\n?\0\0\0\0\0\0\0\0\0\0	\n\0\0\0\0\0\0\0\0\0	\n\03\0!1AQa\"q2B#$Rb34rC%Scs5&DTdE£t6UeuF\'Vfv7GWgw\05\0!1AQaq\"2B#R3$brCScs4%&5DTdEU6teuFVfv\'7GWgw\0\0\0?\08K\nbmEoC/AY؟bJk\nBD|LJkz!?L锔BoD+^H|SS	z!Y5JJ@*\nb SSS \n@$^MxJS_	ZږT\0}$VcHT<LPT7AVs)R\'Fhf!AwQk~!~Ok}KT?y\'nŎz%d8UvmQwNw\01QEoö6?P?c.pewq\r`\'Eh;!;,>Eu80e.uӉ=g1V1	mf,hY`kwg#E5Br+Q3HS)*B>IA%SPRS*ǂJJ1TB#Hƅ:q,42658NPӢ\0[FˌaomX][}\"2\'ҿW4*oḵnĶyzmy\'t\r\0588+6`\r7I\\lnmIZ/\r8^\0]MKJG&`:?߽o5xݨPt~\0C:c;ǱcD3qwhiߤf{Ӭ`O-{]2Z~i-5Lj`\Zꣁ[1ʫpǙ>\08g}GE\0А?EGwbQ_po}C%h/Ssuvcq\0_zc@sN֙c	,-V=>+\03=޷Vg\"׎?wjVO_\0i䌆@҄H.9˯NW\0\0ݬv\0KM_ΫMwW`c1z Ve!ֵ03(shsmls\0M!{#ZmctOI+SZ76RAJRSEa@\0)gN#uVgj_duDK^_2J?Ƙ~E:UFMSiw}OwtVeY[n\0j\n/H<i	.א@ݮ\0C}s\\֎\"@\0*ȡæTԯoIǻ90v܃w4\0h@Venŵ.s\0%\\\'[_;iG7\0Sfc1+uֹϦ/Nw{N\'Ӵ]YMUgxSЃv׷kc\0I_V.w#ߍv_jAV@ϲSeV~Ϯ}:kz/N\Z]u#_ȈAp\\!U{idSYs}\rU9lO5Wֲٍ-m/}8=Oq,msgR\rufc}O]ٳJo\Z/p027C{r\0YwVֱ.y\0}Um55>K؉gHt6gN\'&UN@om>\0K)/duVeu<z[m.s,nFdT{@s*x?ioc}?WzⱰN	ۆF=VX3ys`5>̫n3Wkޜs0~(VVYf^M=ݵ߳J{dc-Ѹ6H\rk\\]c&Ҿ2\\D.ҪCkZ@2yEO_L)5%1xNC\\<kY6_[\\gv)o=?1pTuj:^Q؎c}!չqm\"=oRϧC}bl8/l@ i3Ag^7Mos\rnk9Z-si\0ҺSF>[LH{@n{s1z@0)o\0oz[1:UX6bWc{%}7fNfSj$ckۧg*nK쮆ww{^mЎC>ϱ\Zknv5m[m;=/γ;,~9ĵK\r{vkjWP˻CqwUkX\'_,z]C\"DV{z^]|=v9=ۃ^ڝgʞ*Ǳv$O}M9\rhgikfE0\\SZ[EV7ɷX\0^԰ܪl7X.cfju1S!iIO3Z\Z2t#QϤh*crӲki9\0#m$7_M4Ɋ驺cڨ׺vWL2,~;ۜ6L߰?ḀF,\0WX\0,Iu6ֲ:<7VٗF5B	 QI.ٷ.yV}W7հ5\0L]1rzKK\0mQg0K}7!i>eM}nkngvX?:c.͕SzwTe`sZ,kMlku\'[v7ߥm{I\'oEA%JRS<Rw<G}\"ۖ9u\n?\Zn4\04Vd}^x;@X]G\0j{]Jotk\0U<jqc$5+Fݶ\04\0e~{~r=SRce4%ͱ-}h:NG159$o~-ԊN}6\0hw׮KdхM=v.&]Yvc\\ƶKml`k-gfokev35y\0Aao%6d5GKGc}euzmP]S)kiwV{_bpIDfdTx͗[\n\0V}.+\0WG>(g[Z<@t}	؏kߍUփ\"ۘZ5]cێ*Ux}JZĝ4jSMu.\0sTuFFiRB_hUR-m/*$<TSkMY$LJf%V\"I%zVΝ>($͢\Z\Z8PL\nI).O목$׬UIOPhotoshop 3.0\08BIM\0\0\0\0\0Z\0%G\0\0s\0\08BIM%\0\0\0\0\0?3k\"XeF>8BIM:\0\0\0\0\0\0\0\0\0\0\0\0\0\0\0\0printOutput\0\0\0\0\0\0\0PstSbool\0\0\0\0Inteenum\0\0\0\0Inte\0\0\0\0Clrm\0\0\0printSixteenBitbool\0\0\0\0printerNameTEXT\0\0\0\0\0\0\0\0printProofSetupObjc\0\0\0\0P\0r\0o\0o\0f\0 \0S\0e\0t\0u\0p\0\0\0\0\0\nproofSetup\0\0\0\0\0\0\0Bltnenum\0\0\0builtinProof\0\0\0	proofCMYK\08BIM;\0\0\0\0-\0\0\0\0\0\0\0\0\0\0\0printOutputOptions\0\0\0\0\0\0\0Cptnbool\0\0\0\0\0Clbrbool\0\0\0\0\0RgsMbool\0\0\0\0\0CrnCbool\0\0\0\0\0CntCbool\0\0\0\0\0Lblsbool\0\0\0\0\0Ngtvbool\0\0\0\0\0EmlDbool\0\0\0\0\0Intrbool\0\0\0\0\0BckgObjc\0\0\0\0\0\0\0\0\0RGBC\0\0\0\0\0\0\0Rd  doub@o\0\0\0\0\0\0\0\0\0Grn doub@o\0\0\0\0\0\0\0\0\0Bl  doub@o\0\0\0\0\0\0\0\0\0BrdTUntF#Rlt\0\0\0\0\0\0\0\0\0\0\0\0Bld UntF#Rlt\0\0\0\0\0\0\0\0\0\0\0\0RsltUntF#Pxl@R\0\0\0\0\0\0\0\0\0\nvectorDatabool\0\0\0\0PgPsenum\0\0\0\0PgPs\0\0\0\0PgPC\0\0\0\0LeftUntF#Rlt\0\0\0\0\0\0\0\0\0\0\0\0Top UntF#Rlt\0\0\0\0\0\0\0\0\0\0\0\0Scl UntF#Prc@Y\0\0\0\0\0\0\0\0\0cropWhenPrintingbool\0\0\0\0cropRectBottomlong\0\0\0\0\0\0\0cropRectLeftlong\0\0\0\0\0\0\0\rcropRectRightlong\0\0\0\0\0\0\0cropRectToplong\0\0\0\0\08BIM\0\0\0\0\0\0H\0\0\0\0\0H\0\0\0\08BIM&\0\0\0\0\0\0\0\0\0\0\0\0\0\0\0?\0\08BIM\r\0\0\0\0\0\0\0\08BIM\0\0\0\0\0\0\0\08BIM\0\0\0\0\0	\0\0\0\0\0\0\0\0\08BIM\'\0\0\0\0\0\n\0\0\0\0\0\0\0\08BIM\0\0\0\0\0H\0/ff\0\0lff\0\0\0\0\0\0\0/ff\0\0\0\0\0\0\0\0\02\0\0\0\0Z\0\0\0\0\0\0\0\0\05\0\0\0\0-\0\0\0\0\0\0\0\08BIM\0\0\0\0\0p\0\0\0\0\0\0\0\0\0\0\0\0\0\0\0\08BIM\0\0\0\0\0\0\0\0\0\0@\0\0@\0\0\0\08BIM\0\0\0\0\0\0\0\0\08BIM\Z\0\0\0\0A\0\0\0\0\0\0\0\0\0\0\0\0\0\0\0\0\0\0\0\0n\0i\0s\0s\0a\0n\0\0\0\0\0\0\0\0\0\0\0\0\0\0\0\0\0\0\0\0\0\0\0\0\0\0\0\0\0\0\0\0\0\0\0\0\0\0\0\0\0\0\0\0\0\0\0\0\0\0\0\0\0\0\0\0\0\0\0\0\0\0\0\0\0\0\0\0\0\0\0\0\0\0\0\0\0\0\0null\0\0\0\0\0\0boundsObjc\0\0\0\0\0\0\0\0\0Rct1\0\0\0\0\0\0\0Top long\0\0\0\0\0\0\0\0Leftlong\0\0\0\0\0\0\0\0Btomlong\0\0\0\0\0\0\0Rghtlong\0\0\0\0\0slicesVlLs\0\0\0Objc\0\0\0\0\0\0\0\0slice\0\0\0\0\0\0sliceIDlong\0\0\0\0\0\0\0groupIDlong\0\0\0\0\0\0\0originenum\0\0\0ESliceOrigin\0\0\0\rautoGenerated\0\0\0\0Typeenum\0\0\0\nESliceType\0\0\0\0Img \0\0\0boundsObjc\0\0\0\0\0\0\0\0\0Rct1\0\0\0\0\0\0\0Top long\0\0\0\0\0\0\0\0Leftlong\0\0\0\0\0\0\0\0Btomlong\0\0\0\0\0\0\0Rghtlong\0\0\0\0\0urlTEXT\0\0\0\0\0\0\0\0\0nullTEXT\0\0\0\0\0\0\0\0\0MsgeTEXT\0\0\0\0\0\0\0\0altTagTEXT\0\0\0\0\0\0\0\0cellTextIsHTMLbool\0\0\0cellTextTEXT\0\0\0\0\0\0\0\0	horzAlignenum\0\0\0ESliceHorzAlign\0\0\0default\0\0\0	vertAlignenum\0\0\0ESliceVertAlign\0\0\0default\0\0\0bgColorTypeenum\0\0\0ESliceBGColorType\0\0\0\0None\0\0\0	topOutsetlong\0\0\0\0\0\0\0\nleftOutsetlong\0\0\0\0\0\0\0bottomOutsetlong\0\0\0\0\0\0\0rightOutsetlong\0\0\0\0\08BIM(\0\0\0\0\0\0\0\0?\0\0\0\0\0\08BIM\0\0\0\0\0\08BIM\0\0\0\0\0\0\0\08BIM\0\0\0\0\0\0\0\0\0\0\0\0\0i\0\0\0\0\0\0\0\0\0Adobe_CM\0\0Adobe\0d\0\0\0\0\0			\n\r\r\r\0\0i\0\"\0\0\0\n?\0\0\0\0\0\0\0\0\0\0	\n\0\0\0\0\0\0\0\0\0	\n\03\0!1AQa\"q2B#$Rb34rC%Scs5&DTdE£t6UeuF\'Vfv7GWgw\05\0!1AQaq\"2B#R3$brCScs4%&5DTdEU6teuFVfv\'7GWgw\0\0\0?\08K\nbmEoC/AY؟bJk\nBD|LJkz!?L锔BoD+^H|SS	z!Y5JJ@*\nb SSS \n@$^MxJS_	ZږT\0}$VcHT<LPT7AVs)R\'Fhf!AwQk~!~Ok}KT?y\'nŎz%d8UvmQwNw\01QEoö6?P?c.pewq\r`\'Eh;!;,>Eu80e.uӉ=g1V1	mf,hY`kwg#E5Br+Q3HS)*B>IA%SPRS*ǂJJ1TB#Hƅ:q,42658NPӢ\0[FˌaomX][}\"2\'ҿW4*oḵnĶyzmy\'t\r\0588+6`\r7I\\lnmIZ/\r8^\0]MKJG&`:?߽o5xݨPt~\0C:c;ǱcD3qwhiߤf{Ӭ`O-{]2Z~i-5Lj`\Zꣁ[1ʫpǙ>\08g}GE\0А?EGwbQ_po}C%h/Ssuvcq\0_zc@sN֙c	,-V=>+\03=޷Vg\"׎?wjVO_\0i䌆@҄H.9˯NW\0\0ݬv\0KM_ΫMwW`c1z Ve!ֵ03(shsmls\0M!{#ZmctOI+SZ76RAJRSEa@\0)gN#uVgj_duDK^_2J?Ƙ~E:UFMSiw}OwtVeY[n\0j\n/H<i	.א@ݮ\0C}s\\֎\"@\0*ȡæTԯoIǻ90v܃w4\0h@Venŵ.s\0%\\\'[_;iG7\0Sfc1+uֹϦ/Nw{N\'Ӵ]YMUgxSЃv׷kc\0I_V.w#ߍv_jAV@ϲSeV~Ϯ}:kz/N\Z]u#_ȈAp\\!U{idSYs}\rU9lO5Wֲٍ-m/}8=Oq,msgR\rufc}O]ٳJo\Z/p027C{r\0YwVֱ.y\0}Um55>K؉gHt6gN\'&UN@om>\0K)/duVeu<z[m.s,nFdT{@s*x?ioc}?WzⱰN	ۆF=VX3ys`5>̫n3Wkޜs0~(VVYf^M=ݵ߳J{dc-Ѹ6H\rk\\]c&Ҿ2\\D.ҪCkZ@2yEO_L)5%1xNC\\<kY6_[\\gv)o=?1pTuj:^Q؎c}!չqm\"=oRϧC}bl8/l@ i3Ag^7Mos\rnk9Z-si\0ҺSF>[LH{@n{s1z@0)o\0oz[1:UX6bWc{%}7fNfSj$ckۧg*nK쮆ww{^mЎC>ϱ\Zknv5m[m;=/γ;,~9ĵK\r{vkjWP˻CqwUkX\'_,z]C\"DV{z^]|=v9=ۃ^ڝgʞ*Ǳv$O}M9\rhgikfE0\\SZ[EV7ɷX\0^԰ܪl7X.cfju1S!iIO3Z\Z2t#QϤh*crӲki9\0#m$7_M4Ɋ驺cڨ׺vWL2,~;ۜ6L߰?ḀF,\0WX\0,Iu6ֲ:<7VٗF5B	 QI.ٷ.yV}W7հ5\0L]1rzKK\0mQg0K}7!i>eM}nkngvX?:c.͕SzwTe`sZ,kMlku\'[v7ߥm{I\'oEA%JRS<Rw<G}\"ۖ9u\n?\Zn4\04Vd}^x;@X]G\0j{]Jotk\0U<jqc$5+Fݶ\04\0e~{~r=SRce4%ͱ-}h:NG159$o~-ԊN}6\0hw׮KdхM=v.&]Yvc\\ƶKml`k-gfokev35y\0Aao%6d5GKGc}euzmP]S)kiwV{_bpIDfdTx͗[\n\0V}.+\0WG>(g[Z<@t}	؏kߍUփ\"ۘZ5]cێ*Ux}JZĝ4jSMu.\0sTuFFiRB_hUR-m/*$<TSkMY$LJf%V\"I%zVΝ>($͢\Z\Z8PL\nI).O목$׬UIO\08BIM!\0\0\0\0\0]\0\0\0\0\0\0\0A\0d\0o\0b\0e\0 \0P\0h\0o\0t\0o\0s\0h\0o\0p\0\0\0\0A\0d\0o\0b\0e\0 \0P\0h\0o\0t\0o\0s\0h\0o\0p\0 \0C\0C\0 \02\00\01\04\0\0\0\08BIM\0\0\0\0\0\0\0\0\0\0http://ns.adobe.com/xap/1.0/\0<?xpacket begin=\"﻿\" id=\"W5M0MpCehiHzreSzNTczkc9d\"?> <x:xmpmeta xmlns:x=\"adobe:ns:meta/\" x:xmptk=\"Adobe XMP Core 5.5-c021 79.155772, 2014/01/13-19:44:00        \"> <rdf:RDF xmlns:rdf=\"http://www.w3.org/1999/02/22-rdf-syntax-ns#\"> <rdf:Description rdf:about=\"\" xmlns:xmpMM=\"http://ns.adobe.com/xap/1.0/mm/\" xmlns:stEvt=\"http://ns.adobe.com/xap/1.0/sType/ResourceEvent#\" xmlns:dc=\"http://purl.org/dc/elements/1.1/\" xmlns:photoshop=\"http://ns.adobe.com/photoshop/1.0/\" xmlns:xmp=\"http://ns.adobe.com/xap/1.0/\" xmpMM:DocumentID=\"F1C8DF936E23926E555B6CF4CA6770CD\" xmpMM:InstanceID=\"xmp.iid:9581f4a7-e4c2-9049-883c-a3e79e85335c\" xmpMM:OriginalDocumentID=\"F1C8DF936E23926E555B6CF4CA6770CD\" dc:format=\"image/jpeg\" photoshop:ColorMode=\"3\" xmp:CreateDate=\"2016-01-11T01:50+02:00\" xmp:ModifyDate=\"2016-01-11T01:52:07+02:00\" xmp:MetadataDate=\"2016-01-11T01:52:07+02:00\"> <xmpMM:History> <rdf:Seq> <rdf:li stEvt:action=\"saved\" stEvt:instanceID=\"xmp.iid:9581f4a7-e4c2-9049-883c-a3e79e85335c\" stEvt:when=\"2016-01-11T01:52:07+02:00\" stEvt:softwareAgent=\"Adobe Photoshop CC 2014 (Windows)\" stEvt:changed=\"/\"/> </rdf:Seq> </xmpMM:History> </rdf:Description> </rdf:RDF> </x:xmpmeta>                                                                                                                                                                                                                                                                                                                                                                                                                                                                                                                                                                                                                                                                                                                                                                                                                                                                                                                                                                                                                                                                                                                                                                                                                                                                                                                                                                                                                                                                                                                                                                                                                                                                                                                                                                                                                                                                                                                                                                                                                                                                                                                                 <?xpacket end=\"w\"?>\0Adobe\0d\0\0\0\0\0\0		\n\n\n\n\r\r\0\0\0\0\0#\0\0\0\0\0\0\0\0\0\0\0\0	\n\0\0\0\0\0\0\0\0\0	\n\0s\0!1AQa\"q2B#R3b$r%C4Scs5D\'6Tdt&	\nEFVU(\Zeufv7GWgw8HXhx)9IYiy*:JZjz\0m\0!1AQa\"q2#BRbr3$4CS%cs5DT	\n&6E\Z\'dtU7()󄔤euFVfvGWgw8HXhx9IYiy*:JZjz\0\0\0?\0Pxe.*b*W}_]{b_]lUށ8﫟ث|*b*>>_W[O*؄b+oثW_wW}_kUUPb><1KП^Hb}!!!*OoOw튻[V?lUޖ*-z~ثbp]oW+qU긪สA[1WpUO\nWzC5UDb^Է]Wzx<Uޞ*L⫽3V3ኮWz~ث?lUޟ*OkVg[xUqC⫩[\\v*(wU8ኻ*ק>ښqWz8lUw1Wzثko튪}[oتb?v*犯bqW}WثTSFZ֞تZbm튬6ءo튵bU(\\<R튯BGw튮qVUގ*G뾖\\ߢ|1VlUrbUmUV#iU֗!፭7/lmiwԇ6{ckMKZ]/lmiP8o#kki<Jm(=6~%h&֖}Wث1Vſ*mUo튯{b_]{b_]l6ckNF֟~\\ֿ\\ +-֕~+joኯ[?lV)\042(>UlUW*j]M4cuu21ik=Ѩ,䨡>A#~A`\"&Acy*~[[n\ryw_[#6$RlWBE*2Zo4\r;Z{ckJF\n)oսZkUC\\{bثbUxb1Uކ*ߡKUކޞZz*cUU]\"ȥ*83JxNDi-\'^-?ANku}Uu3> Wef*A*Mq\'.=8e1$I4գ\ZVpRh\rY8$?9s\0\0RFECMu){cjSyu>bY?[Gڭ:V?l/\Z]7@$P7OeiɫW\"*E˩z@O_%?u+d{6&PT\rW\nkQiDafECz^qIɐ!*0 [,4BHx`,ēxe@\Z9PFVJoI銨RhVC^\\#W[ኮ	V<UwZ2)r+qUE\\UYb\"F)oM!#5ڃ\nCͳ_jVVR;Ry%bkY1vd.|ٹr/\0Em~Nuaq)7hl9\"mY,֫\0i.VV{yzXLB$^4.@O5~~<mx[HNx]C:[-{)	m}q\'\npjs=+)&RX\0F\0uȢڲ0^ܬr:dZ))˗;VW6i\n0ح+̂	ˇhg7n?Y2>/Ȅ \rO}O9q\"lㅮ]2arG;+5.!\0Hiʜ	͖N,o:~V$u{y>̱\'(J5Q1bxP]k*0t8UUUثtZxWDKQNùK{gb~8Uxjzz\Z*<46ݱ+SxI55i5\0`y,)${dGD\n!;yo5ݤ	gc+1_)mAw,_[^5A4(Y*867׭t]B	-7?Nl^ZH4)풶<ZS$ҭ8:\\ 9!pUHv;8/$5k=J#^?hX\0i~m67EvLۊqaȭ<[QN욉)ޒ{uSKJ8YF-jM5?[VZu5FFN,πŴI/u;Q^=ƃvLf.~:=9=H͖Nh-|\ZVC+@Xɽ;Z<U9%v*PF*ouqW떱^`J.5ToQf3<TF0*Roc&8sSXqcb¼K}6ζOuS?|JOS۝};\'8.tk6򆏬h\Zi_(Q8ŕ:l@N\01i);=o<^f){clXߝ?0As$GS!^Jr\0(J\'<$a\0A%F4M&o~nQn#*ȿwW\0v~\r)/3%\0R!\0#ZCE\Z*Iݧm&~Qn6W>䔜V?̋IO4&J?|\'W\'Yׅ8qOuzQ)\n6q\0qq%\0n፯\nii+mlWG:k?v&\\!8O˟(\\-4?G\noebl8kȢCt1$2Lzq>*E]%[$#ap%hLqUV;mTReVZUܱWr_˖^y[UF0 bqBKqK,P^R1\0yUYomJ(]$ \\*> I&u \ZVg^k%QQ5XWZNK7tyw퐿&SɾX[{1a-mmH\r%5ł] \\_Vׄw,>)Y{Ej,Ґi)}r8U{4FR}W\r\n?*.c*֟,\ny$=\0WG}2UEjP\02LUpGž㊩	NqUX+\0vUo/J/uxZq5Sv\'p5N[Mg!%PJH[G:*,duF**XUjk@ت\"<Qqb?i8;\nhfrV\0]*GPG-H7Vƕ	>ܬ|qwPw	H_J[>}D\02(B6lSKo.\\՛,X:f2H?7\0kU9%?H\"В孯ky =}?͊2HV)ui#e*pRxo-d4Z\ZR;bSb؂QJLR^\0)*B\"^RҭW~p򕤔,{\0<Ju%鏮嵆YB<JM+˺vHu,gL\r=I=B&)7W|曟6Gee6V8bk\"OU./61WZ݅dQIjd|	QlbqVWaW\0lUdRW˟󔚦~b[i$H Fyy)lA)8B\n{\rR#qZZ@9n|vj0ض+\0b^6+\nkLl*\\_I§⨘6*h0Rm}cNT#4\0l-&\rn+QƸxY6B֭ŌȠ\\[;$©Eݬֳ43nGMUg4%!Z<aDO_Lr\0*3#u֋.K2u,aĉg>/N9,͓	_Zo&a8m2[Fct#2`m~4uy[d@IP3S\0=1Ryk~F%<o{m5:1U\n}d_0?-41zǗs׏7O_`ˉM\0:+qo0loߧ+!,ߘ&Agowu<I4or&rj`y.}2b3\\rL@I#9?\nL/ؗjy	Aֽ=@i2;[o\noݽA0R-OVTn{5̒It{vJޟ\n_6ƖW|y:m^#Ddk\0g\"V%$=\'|iH`V6891<D\"|_b8QjXkDZ^hhǆE.Dwl劵v*\0ﾟXpV!\\UDoojݧm&n;ѕ%x\nns^?kKiwE%f Xґ/ݲ2a}!k5HdKCa}lPIa8OT0U-sI \nӮ<UR9O߅R6y4Mkʣ`z\0*C?Zơ3ل3g#!>,ux\rAܩ&GT?}ٗO_Tjn\rykZ{ѿҡ!J)sRK(Ӆq?>a(˫k/7qDEJƪH|mZO!k+-VB7[9\0&tĥ\'_.-;;?qć.˚rjW:gHMʵioy)\0ZlJ\0H[cX=Jb\"I?oqoA/iL\nkWv7(OS,^AM/Qt#D!u>f\0u	\'L:dmWKw2h-\nA\0W[-s_ڊ[4PQ~/bP,FtndI	ߍXQ{oP\nTڏ\n8GΞ\"ʥȖAUD⮮*v*\0GB*踫?#+MCHѮNku<!d	L8bq/[H 2QRG#͕\\U>2+s$1ӼǦYŠ[	x+&ZJ/\08o/\\A}fF~-=3Dеd,waqJ?S[z7ե=J\n\ZTs`\0\r}0?%u-41*\r~ZLR	hb1>!2\"{Tn2$\Z%p}1gNaiT\'9 ~VyDգj1,yݹ#%}p0e`T\rA\"UDb$NmL+LUPi<CTbddt<PA}8ֹ^\0*ڊWZX!$%qU`jbinLUG\n\0R`fVpWWi~[#7XӢb{]cLKHCP\r7vd<l|ϩF]\ZZz/\'ݲFT 1NZZd=@	:d^<RbZqWzgo_}M\r⭌U`:|W}^KydJ\nS>kԾ$]˧A(p\0;}DWא)X<G|M:oǯ=b\n^fP2zd6f,*{e^[dZO޻\0$͘s~b\"](>R\07>?6kqnZoZ!F\'u:^ҋ\"2biFV<[lRGmu ua^HZ/َ\"+]̌\'voNHdf\"K$_\Z>qp}kQY^ޜJ/u/-O-ʬP;U_??MyFfs%֘~(\'(zN|k֋&r\nW&)e^⩔SOqR&s늰x| cկv45͏ɬ<!bV.\n\0?˿3mozK$=e7YJqo>V|af} VDxZ^($_۔exF#m<=˰D-K<?gTf/CHҠQ8B\"\0\'Xj5dPpA_ɯ9IzIWĪli˿OXXi<T0z*ݑdR*81Wq_o,\Z1W4\ZS1WS\\Fui_JkL}3$PP!Q4qG~b*[R8f(h>g*WkMm4)oB>*|F7,*_y曆\0=U^_a~U5BК6Z\r2W̠RF\r~6G6/4}kSIINXTsKx-(yy\"@iԍNl+\"yZ3Vڦ34CzF1Tu߱^o^:\n\\IM\Zn,i5򊿱VyM鶾{I5HY8d~Q$mF e=?$uG_,qU=G\Z\\^]jR\Zw<Ncmf4oJ,qUM{\\OPN;C@z.|2k\ZUjG5H]E\0Qz\03rȕIcr&ż$=z1Wcu4hIi\nڴAߡo\ZVi/ڝPzle\"1?ʒf\0l;LT-,Coq4@ld@zR1㊻*,UX=hkVUMϮ*[G7QXL.PV5qqbtSJ\r*Us$A`TPPNUj>V?اъPa+U1/,/.\"nKG7fMVz㊢$$5+]2<9i}8*تGLF{ZU}jJ\0]]#)}fn$~</1Vè.-ս1zH*ȞE٪>,`0]?l,S_4Wi׊ݿ\\xcΚd塆h:Fd]d6=0n9\'(b.c[:2҉ZJ)Uqg/b|\049	-\rjv^_~l%,I%hȕS\"QFCT̸ұwb*2\0*6snCB&\ZC Mq&w?$_ҽTE$d_|GㅊmOCdV]<F*\0Y9:cnƖ|imi\Z[S3{Kk	8dmFX\"~1JOV嘤q[aZ\00-k4ƫBTi 2[Kqj5;r 5\"f5Y>ڢMlu(F\"\'}BB\ZBʧeno;+SaԼŞ}BȎ69/;>IXv)\\H[2@mXF\'LU \Z),IN<kJR^Ad[4aSD??ҼZ?ݪ} m4MFݍ(7݋%m^FEcҧZp_cJdNɡ]5Oy}[O\ZOV8g#\n[E%׾4\Z[k^۾-?Y>9s[|qW}dZǾ*{MǾhϊi*oKc\\\nƵo.ʊ*9y#P:2.-HS\'~,&%j	wX!X>UCoJk_U\ZӴ5]BIdH:<4,kʣdY%jywa\r	H&W\0/~jOMY\ZdZJcT88V]=E*D˒chms+V^Vna[d6Mv@8M?GkbEg*AiZ5\'Cڰ#\n﬜V׾}k}kYڝ|UZ]|UY]|UϾ*}cZgVk|U5S#LkߕU\'i17ښQj|/ϖ4Ů$t<\0Td0-~UF&OSKkO\Z[W=>\'im2b\Z[M-jmk`[yz?`b:l	**Bb(Ͼ*{l]㊵ԗk/jwֽUYW}kwֽUYW}k[|Ub}dxU{Ǿ*׬<qUTnU\"~ڡ꫊T_MUT\0GAO݊[SUPZኯኯ<1B#\\xo]⫽|P=W}cw=W}c[\'>^***b*b~oyyU߼]UتߏwǊ[*b*b*b*(wqW~ky'),(9,'Ford Mustang',200.00,NULL);
/*!40000 ALTER TABLE `cars` ENABLE KEYS */;
UNLOCK TABLES;

--
-- Table structure for table `cities`
--

DROP TABLE IF EXISTS `cities`;
/*!40101 SET @saved_cs_client     = @@character_set_client */;
/*!40101 SET character_set_client = utf8 */;
CREATE TABLE `cities` (
  `id` int(11) NOT NULL AUTO_INCREMENT,
  `name_en` varchar(100) NOT NULL,
  `name_uk` varchar(100) DEFAULT NULL,
  PRIMARY KEY (`id`),
  UNIQUE KEY `id_UNIQUE` (`id`)
) ENGINE=InnoDB AUTO_INCREMENT=8 DEFAULT CHARSET=utf8;
/*!40101 SET character_set_client = @saved_cs_client */;

--
-- Dumping data for table `cities`
--

LOCK TABLES `cities` WRITE;
/*!40000 ALTER TABLE `cities` DISABLE KEYS */;
INSERT INTO `cities` VALUES (1,'Kyiv','Київ'),(2,'Chernigiv','Чернігів'),(3,'Dnipropetrovsk','Дніпропетровськ'),(4,'Chernivtsi','Чернівці'),(5,'Odesa','Одеса'),(6,'Mykolaiv','Миколаїв'),(7,'Poltava','Полтава');
/*!40000 ALTER TABLE `cities` ENABLE KEYS */;
UNLOCK TABLES;

--
-- Table structure for table `clients`
--

DROP TABLE IF EXISTS `clients`;
/*!40101 SET @saved_cs_client     = @@character_set_client */;
/*!40101 SET character_set_client = utf8 */;
CREATE TABLE `clients` (
  `idUser` int(11) NOT NULL,
  `surname` varchar(250) NOT NULL,
  `firstName` varchar(100) NOT NULL,
  `secondName` varchar(100) DEFAULT NULL,
  `passportNumber` varchar(8) NOT NULL,
  `dateOfIssue` date NOT NULL,
  `validUntil` date DEFAULT NULL,
  `issuedBy` varchar(350) NOT NULL,
  `birthday` date NOT NULL,
  `address` varchar(450) NOT NULL,
  PRIMARY KEY (`idUser`),
  UNIQUE KEY `idUser_UNIQUE` (`idUser`),
  KEY `idUser_idx` (`idUser`),
  CONSTRAINT `user` FOREIGN KEY (`idUser`) REFERENCES `users` (`id`) ON DELETE NO ACTION ON UPDATE NO ACTION
) ENGINE=InnoDB DEFAULT CHARSET=utf8;
/*!40101 SET character_set_client = @saved_cs_client */;

--
-- Dumping data for table `clients`
--

LOCK TABLES `clients` WRITE;
/*!40000 ALTER TABLE `clients` DISABLE KEYS */;
INSERT INTO `clients` VALUES (1,'domchenko','tanya','tanya-tanya','ET112233','2000-01-01',NULL,'AAA BBB','2015-03-05','ukraine'),(2,'Адміністратор','Адміністратор','Адміністратович','CM242404','2016-01-17',NULL,'ГУ МВС КИЇВ','2016-01-01','місто Київ'),(4,'Ivanov','Ivan','','12','2016-01-01','2016-12-31','ABB','2016-01-01','Kyiv'),(7,'Петренко','Петро','Петрович','СК020220','2016-01-01',NULL,'ГУ МВС Київ','1992-01-30','Київ');
/*!40000 ALTER TABLE `clients` ENABLE KEYS */;
UNLOCK TABLES;

--
-- Table structure for table `order_states`
--

DROP TABLE IF EXISTS `order_states`;
/*!40101 SET @saved_cs_client     = @@character_set_client */;
/*!40101 SET character_set_client = utf8 */;
CREATE TABLE `order_states` (
  `id` int(11) NOT NULL AUTO_INCREMENT,
  `name_en` varchar(45) NOT NULL,
  `name_uk` varchar(45) DEFAULT NULL,
  PRIMARY KEY (`id`),
  UNIQUE KEY `id_UNIQUE` (`id`)
) ENGINE=InnoDB AUTO_INCREMENT=7 DEFAULT CHARSET=utf8;
/*!40101 SET character_set_client = @saved_cs_client */;

--
-- Dumping data for table `order_states`
--

LOCK TABLES `order_states` WRITE;
/*!40000 ALTER TABLE `order_states` DISABLE KEYS */;
INSERT INTO `order_states` VALUES (1,'new','нове'),(2,'done','виконане'),(3,'paid','оплачене'),(4,'unpaid','неоплачене'),(5,'executing','виконується'),(6,'accident','збитки');
/*!40000 ALTER TABLE `order_states` ENABLE KEYS */;
UNLOCK TABLES;

--
-- Table structure for table `orders`
--

DROP TABLE IF EXISTS `orders`;
/*!40101 SET @saved_cs_client     = @@character_set_client */;
/*!40101 SET character_set_client = utf8 */;
CREATE TABLE `orders` (
  `idApplication` int(11) NOT NULL,
  `idPayment` int(11) NOT NULL,
  `idState` int(11) NOT NULL,
  PRIMARY KEY (`idApplication`,`idPayment`),
  KEY `idApplication_idx` (`idApplication`),
  KEY `idType_idx` (`idState`),
  KEY `idPayment_idx` (`idPayment`),
  CONSTRAINT `idApplication` FOREIGN KEY (`idApplication`) REFERENCES `applications` (`id`) ON DELETE NO ACTION ON UPDATE NO ACTION,
  CONSTRAINT `idPayment` FOREIGN KEY (`idPayment`) REFERENCES `payments` (`id`) ON DELETE NO ACTION ON UPDATE NO ACTION,
  CONSTRAINT `idType` FOREIGN KEY (`idState`) REFERENCES `order_states` (`id`) ON DELETE NO ACTION ON UPDATE NO ACTION
) ENGINE=InnoDB DEFAULT CHARSET=utf8;
/*!40101 SET character_set_client = @saved_cs_client */;

--
-- Dumping data for table `orders`
--

LOCK TABLES `orders` WRITE;
/*!40000 ALTER TABLE `orders` DISABLE KEYS */;
INSERT INTO `orders` VALUES (13,13,2),(14,14,2),(20,16,2),(22,19,2),(15,15,4),(14,17,6),(20,18,6);
/*!40000 ALTER TABLE `orders` ENABLE KEYS */;
UNLOCK TABLES;

--
-- Table structure for table `payments`
--

DROP TABLE IF EXISTS `payments`;
/*!40101 SET @saved_cs_client     = @@character_set_client */;
/*!40101 SET character_set_client = utf8 */;
CREATE TABLE `payments` (
  `id` int(11) NOT NULL AUTO_INCREMENT,
  `idClient` int(11) NOT NULL,
  `sum` float NOT NULL,
  `currencyCode` varchar(3) NOT NULL DEFAULT 'UAH',
  `dateOpen` date NOT NULL,
  `dateClose` date DEFAULT NULL,
  `note` varchar(200) NOT NULL DEFAULT 'CURRENT_TIMESTAMP',
  PRIMARY KEY (`id`),
  UNIQUE KEY `id_UNIQUE` (`id`)
) ENGINE=InnoDB AUTO_INCREMENT=20 DEFAULT CHARSET=utf8;
/*!40101 SET character_set_client = @saved_cs_client */;

--
-- Dumping data for table `payments`
--

LOCK TABLES `payments` WRITE;
/*!40000 ALTER TABLE `payments` DISABLE KEYS */;
INSERT INTO `payments` VALUES (13,1,1000,'UAH','2016-01-22','2016-01-22','Universal Bank, MFO 123456, account N. 456060687342, invoice N.13'),(14,1,440,'UAH','2016-01-22','2016-01-22','Universal Bank, MFO 123456, account N. 456060687342, invoice N.14'),(15,1,330,'UAH','2016-01-22',NULL,'Universal Bank, MFO 123456, account N. 456060687342, invoice N.15'),(16,4,120,'UAH','2016-01-22','2016-01-22','Universal Bank, MFO 123456, account N. 456060687342, invoice N.20'),(17,1,101,'UAH','2016-01-22','2016-01-22','Universal Bank, MFO 123456, account N. 456060687342, invoice N.14, Repair expenses'),(18,4,145,'UAH','2016-01-22','2016-01-24','Universal Bank, MFO 123456, account N. 456060687342, invoice N.20, Repair expenses'),(19,1,400,'UAH','2016-01-24','2016-01-24','Universal Bank, MFO 123456, account N. 456060687342, invoice N.22');
/*!40000 ALTER TABLE `payments` ENABLE KEYS */;
UNLOCK TABLES;

--
-- Table structure for table `places`
--

DROP TABLE IF EXISTS `places`;
/*!40101 SET @saved_cs_client     = @@character_set_client */;
/*!40101 SET character_set_client = utf8 */;
CREATE TABLE `places` (
  `id` int(11) NOT NULL AUTO_INCREMENT,
  `idCity` int(11) NOT NULL,
  `name_en` varchar(100) NOT NULL,
  `name_uk` varchar(100) DEFAULT NULL,
  `address_en` varchar(500) NOT NULL,
  `address_uk` varchar(500) DEFAULT NULL,
  PRIMARY KEY (`id`),
  UNIQUE KEY `id_UNIQUE` (`id`),
  KEY `idCity_idx` (`idCity`),
  CONSTRAINT `idCity2` FOREIGN KEY (`idCity`) REFERENCES `cities` (`id`) ON DELETE NO ACTION ON UPDATE NO ACTION
) ENGINE=InnoDB AUTO_INCREMENT=9 DEFAULT CHARSET=utf8;
/*!40101 SET character_set_client = @saved_cs_client */;

--
-- Dumping data for table `places`
--

LOCK TABLES `places` WRITE;
/*!40000 ALTER TABLE `places` DISABLE KEYS */;
INSERT INTO `places` VALUES (1,1,'Airport','Аеропорт Київ','2 Medova St.','Медова 2'),(2,1,'Central Railway Station','Центральний залізничний вокзал','1 Vokzalna St.','Вокзальна 1'),(3,2,'CarRental','Автопрокат','14 Peremogy St.','Перемоги 14'),(4,4,'Avtocenter','Автоцентр','125 Golovna St.','Головна 145'),(5,3,'Vi-Di Avto','Ві-Ді Авто','18 Rylskogo Av.','Рильського 18'),(6,5,'AC Perrspektyva','АЦ Перспектива','27 Lisova St.','Лісова 27'),(7,6,'Bus Station','Автовокзал','7 Skoropadskogo St.','Скоропадського 7'),(8,7,'Paritet Motors','Паритет Моторс','31 Tolstogo St.','Толстого 31');
/*!40000 ALTER TABLE `places` ENABLE KEYS */;
UNLOCK TABLES;

--
-- Table structure for table `users`
--

DROP TABLE IF EXISTS `users`;
/*!40101 SET @saved_cs_client     = @@character_set_client */;
/*!40101 SET character_set_client = utf8 */;
CREATE TABLE `users` (
  `id` int(11) NOT NULL AUTO_INCREMENT,
  `login` varchar(45) NOT NULL,
  `password` varchar(45) NOT NULL,
  `isAdmin` bit(1) NOT NULL,
  PRIMARY KEY (`id`),
  UNIQUE KEY `id_UNIQUE` (`id`)
) ENGINE=InnoDB AUTO_INCREMENT=8 DEFAULT CHARSET=utf8;
/*!40101 SET character_set_client = @saved_cs_client */;

--
-- Dumping data for table `users`
--

LOCK TABLES `users` WRITE;
/*!40000 ALTER TABLE `users` DISABLE KEYS */;
INSERT INTO `users` VALUES (1,'tanya','1','\0'),(2,'admin','admin',''),(4,'vanya','1','\0'),(6,'katya','1','\0'),(7,'abc','1','\0');
/*!40000 ALTER TABLE `users` ENABLE KEYS */;
UNLOCK TABLES;

--
-- Dumping routines for database 'rental'
--
/*!50003 DROP PROCEDURE IF EXISTS `add_Application` */;
/*!50003 SET @saved_cs_client      = @@character_set_client */ ;
/*!50003 SET @saved_cs_results     = @@character_set_results */ ;
/*!50003 SET @saved_col_connection = @@collation_connection */ ;
/*!50003 SET character_set_client  = utf8 */ ;
/*!50003 SET character_set_results = utf8 */ ;
/*!50003 SET collation_connection  = utf8_general_ci */ ;
/*!50003 SET @saved_sql_mode       = @@sql_mode */ ;
/*!50003 SET sql_mode              = 'STRICT_TRANS_TABLES,NO_AUTO_CREATE_USER,NO_ENGINE_SUBSTITUTION' */ ;
DELIMITER ;;
CREATE DEFINER=`root`@`localhost` PROCEDURE `add_Application`( IN idClient int, idCar int, dateFrom date, dateTo date, 
idPlaceFrom int, idPlaceTo int, dateOperation date, idState int, note varchar(250) )
BEGIN
	insert into applications ( idClient, idCar, dateFrom, dateTo, idPlaceFrom, idPlaceTo, 
		dateOperation, idState, note )
	values( idClient, idCar, dateFrom, dateTo, idPlaceFrom, idPlaceTo, 
		dateOperation, idState, note );
END ;;
DELIMITER ;
/*!50003 SET sql_mode              = @saved_sql_mode */ ;
/*!50003 SET character_set_client  = @saved_cs_client */ ;
/*!50003 SET character_set_results = @saved_cs_results */ ;
/*!50003 SET collation_connection  = @saved_col_connection */ ;
/*!50003 DROP PROCEDURE IF EXISTS `add_Client` */;
/*!50003 SET @saved_cs_client      = @@character_set_client */ ;
/*!50003 SET @saved_cs_results     = @@character_set_results */ ;
/*!50003 SET @saved_col_connection = @@collation_connection */ ;
/*!50003 SET character_set_client  = utf8 */ ;
/*!50003 SET character_set_results = utf8 */ ;
/*!50003 SET collation_connection  = utf8_general_ci */ ;
/*!50003 SET @saved_sql_mode       = @@sql_mode */ ;
/*!50003 SET sql_mode              = 'STRICT_TRANS_TABLES,NO_AUTO_CREATE_USER,NO_ENGINE_SUBSTITUTION' */ ;
DELIMITER ;;
CREATE DEFINER=`root`@`localhost` PROCEDURE `add_Client`( IN idUser int,
	surname varchar(250), firstName varchar(100), secondName varchar(100),
	passportNumber varchar(8), dateOfIssue date, validUntil date,
	issuedBy varchar(350), birthday date, address varchar(450) )
BEGIN
	insert into clients ( idUser, surname, firstName, secondName,
		passportNumber, dateOfIssue, validUntil, issuedBy, birthday, address )
    values ( idUser, surname, firstName, secondName,
		passportNumber, dateOfIssue, validUntil, issuedBy, birthday, address );
END ;;
DELIMITER ;
/*!50003 SET sql_mode              = @saved_sql_mode */ ;
/*!50003 SET character_set_client  = @saved_cs_client */ ;
/*!50003 SET character_set_results = @saved_cs_results */ ;
/*!50003 SET collation_connection  = @saved_col_connection */ ;
/*!50003 DROP PROCEDURE IF EXISTS `add_Order` */;
/*!50003 SET @saved_cs_client      = @@character_set_client */ ;
/*!50003 SET @saved_cs_results     = @@character_set_results */ ;
/*!50003 SET @saved_col_connection = @@collation_connection */ ;
/*!50003 SET character_set_client  = utf8 */ ;
/*!50003 SET character_set_results = utf8 */ ;
/*!50003 SET collation_connection  = utf8_general_ci */ ;
/*!50003 SET @saved_sql_mode       = @@sql_mode */ ;
/*!50003 SET sql_mode              = 'STRICT_TRANS_TABLES,NO_AUTO_CREATE_USER,NO_ENGINE_SUBSTITUTION' */ ;
DELIMITER ;;
CREATE DEFINER=`root`@`localhost` PROCEDURE `add_Order`( IN applicationId int, sum float, note varchar(250), 
	OUT orderId int )
BEGIN
	declare paymentId int;
    declare orderStateId int;
    
    update applications
    set idState = 2, /* confirmed */
		note = note
    where id = applicationId;
    
    insert into payments ( idClient, sum, currencyCode, dateOpen, dateClose, note )
    select a.idClient, 
		sum, 'UAH', 
		CURDATE(), null,
		CONCAT( 'Universal Bank, MFO 123456, account N. 456060687342, invoice N.', applicationId ) 
    from applications a
    where a.id = applicationId;
	
    select LAST_INSERT_ID() into paymentId;
    
    set orderStateId = 1; /* new */
    
    insert into orders ( idApplication, idPayment, idState )
    values ( applicationId, paymentId, orderStateId );
    
    select LAST_INSERT_ID() into orderId;
END ;;
DELIMITER ;
/*!50003 SET sql_mode              = @saved_sql_mode */ ;
/*!50003 SET character_set_client  = @saved_cs_client */ ;
/*!50003 SET character_set_results = @saved_cs_results */ ;
/*!50003 SET collation_connection  = @saved_col_connection */ ;
/*!50003 DROP PROCEDURE IF EXISTS `add_User` */;
/*!50003 SET @saved_cs_client      = @@character_set_client */ ;
/*!50003 SET @saved_cs_results     = @@character_set_results */ ;
/*!50003 SET @saved_col_connection = @@collation_connection */ ;
/*!50003 SET character_set_client  = utf8 */ ;
/*!50003 SET character_set_results = utf8 */ ;
/*!50003 SET collation_connection  = utf8_general_ci */ ;
/*!50003 SET @saved_sql_mode       = @@sql_mode */ ;
/*!50003 SET sql_mode              = 'STRICT_TRANS_TABLES,NO_AUTO_CREATE_USER,NO_ENGINE_SUBSTITUTION' */ ;
DELIMITER ;;
CREATE DEFINER=`root`@`localhost` PROCEDURE `add_User`( IN login varchar(45), password varchar(45), isAdmin bit(1) )
BEGIN
	insert into users ( login, password, isAdmin )
    values ( login, password, isAdmin );
END ;;
DELIMITER ;
/*!50003 SET sql_mode              = @saved_sql_mode */ ;
/*!50003 SET character_set_client  = @saved_cs_client */ ;
/*!50003 SET character_set_results = @saved_cs_results */ ;
/*!50003 SET collation_connection  = @saved_col_connection */ ;
/*!50003 DROP PROCEDURE IF EXISTS `get_ApplicationsByState` */;
/*!50003 SET @saved_cs_client      = @@character_set_client */ ;
/*!50003 SET @saved_cs_results     = @@character_set_results */ ;
/*!50003 SET @saved_col_connection = @@collation_connection */ ;
/*!50003 SET character_set_client  = utf8 */ ;
/*!50003 SET character_set_results = utf8 */ ;
/*!50003 SET collation_connection  = utf8_general_ci */ ;
/*!50003 SET @saved_sql_mode       = @@sql_mode */ ;
/*!50003 SET sql_mode              = 'STRICT_TRANS_TABLES,NO_AUTO_CREATE_USER,NO_ENGINE_SUBSTITUTION' */ ;
DELIMITER ;;
CREATE DEFINER=`root`@`localhost` PROCEDURE `get_ApplicationsByState`( IN stateId int )
BEGIN
	select a.*
    from applications a
    where a.idState = stateId
    order by a.dateOperation;
END ;;
DELIMITER ;
/*!50003 SET sql_mode              = @saved_sql_mode */ ;
/*!50003 SET character_set_client  = @saved_cs_client */ ;
/*!50003 SET character_set_results = @saved_cs_results */ ;
/*!50003 SET collation_connection  = @saved_col_connection */ ;
/*!50003 DROP PROCEDURE IF EXISTS `get_ApplicationsByUser` */;
/*!50003 SET @saved_cs_client      = @@character_set_client */ ;
/*!50003 SET @saved_cs_results     = @@character_set_results */ ;
/*!50003 SET @saved_col_connection = @@collation_connection */ ;
/*!50003 SET character_set_client  = utf8 */ ;
/*!50003 SET character_set_results = utf8 */ ;
/*!50003 SET collation_connection  = utf8_general_ci */ ;
/*!50003 SET @saved_sql_mode       = @@sql_mode */ ;
/*!50003 SET sql_mode              = 'STRICT_TRANS_TABLES,NO_AUTO_CREATE_USER,NO_ENGINE_SUBSTITUTION' */ ;
DELIMITER ;;
CREATE DEFINER=`root`@`localhost` PROCEDURE `get_ApplicationsByUser`( IN clientId int, stateId int )
BEGIN
	select *
    from applications 
    where idClient = clientId and idState = stateId
    order by dateFrom;
END ;;
DELIMITER ;
/*!50003 SET sql_mode              = @saved_sql_mode */ ;
/*!50003 SET character_set_client  = @saved_cs_client */ ;
/*!50003 SET character_set_results = @saved_cs_results */ ;
/*!50003 SET collation_connection  = @saved_col_connection */ ;
/*!50003 DROP PROCEDURE IF EXISTS `get_FreeCarsByPlace` */;
/*!50003 SET @saved_cs_client      = @@character_set_client */ ;
/*!50003 SET @saved_cs_results     = @@character_set_results */ ;
/*!50003 SET @saved_col_connection = @@collation_connection */ ;
/*!50003 SET character_set_client  = utf8 */ ;
/*!50003 SET character_set_results = utf8 */ ;
/*!50003 SET collation_connection  = utf8_general_ci */ ;
/*!50003 SET @saved_sql_mode       = @@sql_mode */ ;
/*!50003 SET sql_mode              = 'STRICT_TRANS_TABLES,NO_AUTO_CREATE_USER,NO_ENGINE_SUBSTITUTION' */ ;
DELIMITER ;;
CREATE DEFINER=`root`@`localhost` PROCEDURE `get_FreeCarsByPlace`( 
  IN placeId long, dateFrom date, dateTo date )
BEGIN
	select min( c.id ) as id, c.model, c.price
    from car_park cp
      join cars c on c.id = cp.idCar
    where cp.idPlace = placeId
      and ( select count(*) from applications ap 
            where ap.idCar = cp.idCar 
              and ap.dateFrom <= dateTo and ap.dateTo >= dateFrom ) = 0
	group by c.model, c.price
	order by c.model;
END ;;
DELIMITER ;
/*!50003 SET sql_mode              = @saved_sql_mode */ ;
/*!50003 SET character_set_client  = @saved_cs_client */ ;
/*!50003 SET character_set_results = @saved_cs_results */ ;
/*!50003 SET collation_connection  = @saved_col_connection */ ;
/*!50003 DROP PROCEDURE IF EXISTS `get_PaymentsByApplication` */;
/*!50003 SET @saved_cs_client      = @@character_set_client */ ;
/*!50003 SET @saved_cs_results     = @@character_set_results */ ;
/*!50003 SET @saved_col_connection = @@collation_connection */ ;
/*!50003 SET character_set_client  = utf8 */ ;
/*!50003 SET character_set_results = utf8 */ ;
/*!50003 SET collation_connection  = utf8_general_ci */ ;
/*!50003 SET @saved_sql_mode       = @@sql_mode */ ;
/*!50003 SET sql_mode              = 'STRICT_TRANS_TABLES,NO_AUTO_CREATE_USER,NO_ENGINE_SUBSTITUTION' */ ;
DELIMITER ;;
CREATE DEFINER=`root`@`localhost` PROCEDURE `get_PaymentsByApplication`( IN applicationId int )
BEGIN
	select p.*
    from payments p 
		join orders o on o.idPayment = p.id
    where o.idApplication = applicationId
    order by dateOpen;
END ;;
DELIMITER ;
/*!50003 SET sql_mode              = @saved_sql_mode */ ;
/*!50003 SET character_set_client  = @saved_cs_client */ ;
/*!50003 SET character_set_results = @saved_cs_results */ ;
/*!50003 SET collation_connection  = @saved_col_connection */ ;
/*!50003 DROP PROCEDURE IF EXISTS `get_PaymentsByState` */;
/*!50003 SET @saved_cs_client      = @@character_set_client */ ;
/*!50003 SET @saved_cs_results     = @@character_set_results */ ;
/*!50003 SET @saved_col_connection = @@collation_connection */ ;
/*!50003 SET character_set_client  = utf8 */ ;
/*!50003 SET character_set_results = utf8 */ ;
/*!50003 SET collation_connection  = utf8_general_ci */ ;
/*!50003 SET @saved_sql_mode       = @@sql_mode */ ;
/*!50003 SET sql_mode              = 'STRICT_TRANS_TABLES,NO_AUTO_CREATE_USER,NO_ENGINE_SUBSTITUTION' */ ;
DELIMITER ;;
CREATE DEFINER=`root`@`localhost` PROCEDURE `get_PaymentsByState`( IN stateId int )
BEGIN
	select p.*
    from orders o 
      join payments p on p.id = o.idPayment
    where o.idState = stateId
    order by p.dateOpen, p.id;
END ;;
DELIMITER ;
/*!50003 SET sql_mode              = @saved_sql_mode */ ;
/*!50003 SET character_set_client  = @saved_cs_client */ ;
/*!50003 SET character_set_results = @saved_cs_results */ ;
/*!50003 SET collation_connection  = @saved_col_connection */ ;
/*!50003 DROP PROCEDURE IF EXISTS `get_PaymentsByUser` */;
/*!50003 SET @saved_cs_client      = @@character_set_client */ ;
/*!50003 SET @saved_cs_results     = @@character_set_results */ ;
/*!50003 SET @saved_col_connection = @@collation_connection */ ;
/*!50003 SET character_set_client  = utf8 */ ;
/*!50003 SET character_set_results = utf8 */ ;
/*!50003 SET collation_connection  = utf8_general_ci */ ;
/*!50003 SET @saved_sql_mode       = @@sql_mode */ ;
/*!50003 SET sql_mode              = 'STRICT_TRANS_TABLES,NO_AUTO_CREATE_USER,NO_ENGINE_SUBSTITUTION' */ ;
DELIMITER ;;
CREATE DEFINER=`root`@`localhost` PROCEDURE `get_PaymentsByUser`( IN clientId int, stateId int )
BEGIN
	select p.*
    from payments p
      join orders o on o.idPayment = p.id and o.idState = stateId
    where idClient = clientId 
    order by dateOpen;
END ;;
DELIMITER ;
/*!50003 SET sql_mode              = @saved_sql_mode */ ;
/*!50003 SET character_set_client  = @saved_cs_client */ ;
/*!50003 SET character_set_results = @saved_cs_results */ ;
/*!50003 SET collation_connection  = @saved_col_connection */ ;
/*!50003 DROP PROCEDURE IF EXISTS `get_UserAccount` */;
/*!50003 SET @saved_cs_client      = @@character_set_client */ ;
/*!50003 SET @saved_cs_results     = @@character_set_results */ ;
/*!50003 SET @saved_col_connection = @@collation_connection */ ;
/*!50003 SET character_set_client  = utf8 */ ;
/*!50003 SET character_set_results = utf8 */ ;
/*!50003 SET collation_connection  = utf8_general_ci */ ;
/*!50003 SET @saved_sql_mode       = @@sql_mode */ ;
/*!50003 SET sql_mode              = 'STRICT_TRANS_TABLES,NO_AUTO_CREATE_USER,NO_ENGINE_SUBSTITUTION' */ ;
DELIMITER ;;
CREATE DEFINER=`root`@`localhost` PROCEDURE `get_UserAccount`( IN login varchar(45), password varchar(45) )
BEGIN
	select *
	from users u
	where u.login = login and u.password = password;
END ;;
DELIMITER ;
/*!50003 SET sql_mode              = @saved_sql_mode */ ;
/*!50003 SET character_set_client  = @saved_cs_client */ ;
/*!50003 SET character_set_results = @saved_cs_results */ ;
/*!50003 SET collation_connection  = @saved_col_connection */ ;
/*!50003 DROP PROCEDURE IF EXISTS `set_OrderPaid` */;
/*!50003 SET @saved_cs_client      = @@character_set_client */ ;
/*!50003 SET @saved_cs_results     = @@character_set_results */ ;
/*!50003 SET @saved_col_connection = @@collation_connection */ ;
/*!50003 SET character_set_client  = utf8 */ ;
/*!50003 SET character_set_results = utf8 */ ;
/*!50003 SET collation_connection  = utf8_general_ci */ ;
/*!50003 SET @saved_sql_mode       = @@sql_mode */ ;
/*!50003 SET sql_mode              = 'STRICT_TRANS_TABLES,NO_AUTO_CREATE_USER,NO_ENGINE_SUBSTITUTION' */ ;
DELIMITER ;;
CREATE DEFINER=`root`@`localhost` PROCEDURE `set_OrderPaid`( IN paymentId int )
BEGIN
	declare applicationId int;
    
    update orders
    set idState = 3 -- paid
    where idPayment = paymentId;
    
    select idApplication into applicationId
    from orders
    where idPayment = paymentId;
    
	update applications
    set idState = 4 -- done
    where id = applicationId;
    
    update payments
    set dateClose = CURDATE()
    where id = paymentId;
END ;;
DELIMITER ;
/*!50003 SET sql_mode              = @saved_sql_mode */ ;
/*!50003 SET character_set_client  = @saved_cs_client */ ;
/*!50003 SET character_set_results = @saved_cs_results */ ;
/*!50003 SET collation_connection  = @saved_col_connection */ ;
/*!50003 DROP PROCEDURE IF EXISTS `set_OrderReturnCar` */;
/*!50003 SET @saved_cs_client      = @@character_set_client */ ;
/*!50003 SET @saved_cs_results     = @@character_set_results */ ;
/*!50003 SET @saved_col_connection = @@collation_connection */ ;
/*!50003 SET character_set_client  = utf8 */ ;
/*!50003 SET character_set_results = utf8 */ ;
/*!50003 SET collation_connection  = utf8_general_ci */ ;
/*!50003 SET @saved_sql_mode       = @@sql_mode */ ;
/*!50003 SET sql_mode              = 'STRICT_TRANS_TABLES,NO_AUTO_CREATE_USER,NO_ENGINE_SUBSTITUTION' */ ;
DELIMITER ;;
CREATE DEFINER=`root`@`localhost` PROCEDURE `set_OrderReturnCar`( IN applicationId int, newStateId int, damageSum float )
BEGIN
	declare carId int;
    declare placeToId int;
    declare paymentId int;
    
	update orders
    set idState = 2 -- done
    where idApplication = applicationId;
    
    select idCar into carId
	from applications
	where id = applicationId;
        
    -- move car ->
    select idPlaceTo into placeToId
	from applications 
	where id = applicationId;
        
	update car_park
	set idPlace = placeToId
	where idCar = carId;
    -- move car <-
        
    if ( newStateId = 6 ) then -- accident
		insert into payments ( idClient, sum, currencyCode, dateOpen, dateClose, note )
        select a.idClient, 
			damageSum, 'UAH', 
			CURDATE(), null,
			CONCAT( 
				CONCAT( 'Universal Bank, MFO 123456, account N. 456060687342, invoice N.', applicationId ),
                ', Repair expenses' )
		from applications a
		where a.id = applicationId;
        
        select LAST_INSERT_ID() into paymentId;
        
        insert into orders ( idApplication, idPayment, idState )
		values ( applicationId, paymentId, newStateId );
    end if;    
	
END ;;
DELIMITER ;
/*!50003 SET sql_mode              = @saved_sql_mode */ ;
/*!50003 SET character_set_client  = @saved_cs_client */ ;
/*!50003 SET character_set_results = @saved_cs_results */ ;
/*!50003 SET collation_connection  = @saved_col_connection */ ;
/*!50003 DROP PROCEDURE IF EXISTS `set_OrderUnpaid` */;
/*!50003 SET @saved_cs_client      = @@character_set_client */ ;
/*!50003 SET @saved_cs_results     = @@character_set_results */ ;
/*!50003 SET @saved_col_connection = @@collation_connection */ ;
/*!50003 SET character_set_client  = utf8 */ ;
/*!50003 SET character_set_results = utf8 */ ;
/*!50003 SET collation_connection  = utf8_general_ci */ ;
/*!50003 SET @saved_sql_mode       = @@sql_mode */ ;
/*!50003 SET sql_mode              = 'STRICT_TRANS_TABLES,NO_AUTO_CREATE_USER,NO_ENGINE_SUBSTITUTION' */ ;
DELIMITER ;;
CREATE DEFINER=`root`@`localhost` PROCEDURE `set_OrderUnpaid`( IN paymentId int, reason varchar(250) )
BEGIN
	declare applicationId int;
    
    update orders
    set idState = 4 -- unpaid
    where idPayment = paymentId;
    
    select idApplication into applicationId
    from orders
    where idPayment = paymentId;
    
	update applications
    set idState = 3, -- rejected 
		note = reason
    where id = applicationId;
END ;;
DELIMITER ;
/*!50003 SET sql_mode              = @saved_sql_mode */ ;
/*!50003 SET character_set_client  = @saved_cs_client */ ;
/*!50003 SET character_set_results = @saved_cs_results */ ;
/*!50003 SET collation_connection  = @saved_col_connection */ ;
/*!40103 SET TIME_ZONE=@OLD_TIME_ZONE */;

/*!40101 SET SQL_MODE=@OLD_SQL_MODE */;
/*!40014 SET FOREIGN_KEY_CHECKS=@OLD_FOREIGN_KEY_CHECKS */;
/*!40014 SET UNIQUE_CHECKS=@OLD_UNIQUE_CHECKS */;
/*!40101 SET CHARACTER_SET_CLIENT=@OLD_CHARACTER_SET_CLIENT */;
/*!40101 SET CHARACTER_SET_RESULTS=@OLD_CHARACTER_SET_RESULTS */;
/*!40101 SET COLLATION_CONNECTION=@OLD_COLLATION_CONNECTION */;
/*!40111 SET SQL_NOTES=@OLD_SQL_NOTES */;

-- Dump completed on 2016-01-24 22:03:32
